1,Trina,Baseke,tbaseke0@weibo.com,Female,79.234.52.236
2,Deana,Warlowe,dwarlowe1@tmall.com,Female,26.243.170.90
3,Jephthah,Fowles,jfowles2@friendfeed.com,Genderfluid,98.247.226.87
4,Whitby,Worge,wworge3@census.gov,Genderfluid,88.196.100.32
5,Vince,Carratt,vcarratt4@netscape.com,Female,122.8.108.197
6,Edithe,Tewnion,etewnion5@homestead.com,Bigender,121.51.166.241
7,Sarena,Jaulme,sjaulme6@pbs.org,Male,119.96.247.210
8,Nathan,Brumfitt,nbrumfitt7@ted.com,Genderqueer,171.208.9.63
9,Alison,Schreurs,aschreurs8@npr.org,Genderqueer,36.173.2.1
10,Blanca,McGuggy,bmcguggy9@facebook.com,Male,104.176.216.89
11,Bryon,Smethurst,bsmethursta@guardian.co.uk,Non-binary,237.86.115.49
12,Malvina,Sommerville,msommervilleb@csmonitor.com,Genderqueer,64.2.57.36
13,Alanson,McArley,amcarleyc@indiatimes.com,Genderqueer,142.116.56.15
14,Elane,Trytsman,etrytsmand@hp.com,Genderfluid,156.234.194.185
15,Charil,Wilshin,cwilshine@hibu.com,Non-binary,4.242.38.219
16,Lucienne,Ianilli,lianillif@nsw.gov.au,Genderfluid,145.157.171.72
17,Maurie,Strevens,mstrevensg@dropbox.com,Female,100.25.223.131
18,Temple,Ackers,tackersh@pinterest.com,Genderfluid,47.43.100.226
19,Ellis,Varren,evarreni@tamu.edu,Male,29.139.84.178
20,Vinson,Stephenson,vstephensonj@dion.ne.jp,Genderfluid,131.233.160.220
21,Allen,Linney,alinneyk@ustream.tv,Polygender,78.117.240.70
22,Chrisy,Ivancevic,civancevicl@washingtonpost.com,Bigender,87.193.182.9
23,Malva,Vorley,mvorleym@zimbio.com,Polygender,107.54.141.124
24,Garwin,Sherwell,gsherwelln@hc360.com,Female,17.17.240.9
25,Marcela,Chugg,mchuggo@4shared.com,Female,36.18.171.56
26,Tedd,Pavlovic,tpavlovicp@is.gd,Female,136.219.210.232
27,Kinny,Rentz,krentzq@europa.eu,Genderfluid,178.2.90.70
28,Doris,McKearnen,dmckearnenr@hhs.gov,Agender,211.133.229.52
29,Seumas,Killford,skillfords@deviantart.com,Female,41.196.127.132
30,Reinhard,Cortes,rcortest@smh.com.au,Polygender,107.178.53.173
31,Dominick,Twinberrow,dtwinberrowu@csmonitor.com,Genderfluid,204.30.69.243
32,Katusha,Snary,ksnaryv@phoca.cz,Polygender,141.110.153.199
33,Whitaker,Galiero,wgalierow@netvibes.com,Agender,216.125.211.249
34,Stuart,Klyn,sklynx@netscape.com,Genderqueer,185.110.251.185
35,Barbie,Beadon,bbeadony@sogou.com,Genderqueer,226.5.202.118
36,Alvie,Fussey,afusseyz@comcast.net,Female,40.129.219.127
37,Hendrika,Lattos,hlattos10@last.fm,Genderqueer,46.51.161.126
38,Glendon,Ditchett,gditchett11@barnesandnoble.com,Bigender,221.252.142.26
39,Cecil,Pendlebery,cpendlebery12@wunderground.com,Male,35.156.151.10
40,Sissy,Sola,ssola13@ifeng.com,Genderqueer,60.40.123.166
41,Solly,Coatman,scoatman14@hostgator.com,Agender,19.198.123.249
42,Matty,Lickess,mlickess15@bbc.co.uk,Genderfluid,76.28.85.226
43,Cameron,Rouzet,crouzet16@archive.org,Female,190.242.217.74
44,Rance,Franzini,rfranzini17@slashdot.org,Male,150.240.53.12
45,Mareah,Fairleigh,mfairleigh18@paginegialle.it,Bigender,17.108.95.187
46,Dimitri,Andraud,dandraud19@qq.com,Male,59.225.40.134
47,Waly,Wapplington,wwapplington1a@tumblr.com,Bigender,1.207.100.35
48,Tracy,Durgan,tdurgan1b@eepurl.com,Bigender,88.13.93.19
49,Hal,Swalowe,hswalowe1c@google.pl,Male,143.183.164.160
50,Elisabet,Keer,ekeer1d@goo.gl,Non-binary,235.114.235.181
51,Barr,Dudenie,bdudenie1e@sun.com,Bigender,48.23.214.172
52,Maridel,Matysiak,mmatysiak1f@uiuc.edu,Polygender,218.226.217.240
53,Hoebart,Kubiak,hkubiak1g@scribd.com,Polygender,83.248.72.182
54,Sophi,Collister,scollister1h@merriam-webster.com,Male,74.63.50.83
55,Linn,Soutar,lsoutar1i@disqus.com,Non-binary,151.201.152.12
56,Donavon,Esom,desom1j@blog.com,Genderqueer,236.111.59.151
57,Trula,MacCaghan,tmaccaghan1k@samsung.com,Female,27.58.100.237
58,Doreen,Bougen,dbougen1l@discuz.net,Male,138.239.249.179
59,Paten,Allan,pallan1m@si.edu,Bigender,172.25.30.100
60,Sauncho,Haburne,shaburne1n@sitemeter.com,Polygender,176.85.176.156
61,Page,Cowherd,pcowherd1o@blogtalkradio.com,Polygender,217.141.194.132
62,Janaya,Grono,jgrono1p@unblog.fr,Male,60.224.182.47
63,Ardra,Fearon,afearon1q@state.gov,Female,29.187.240.175
64,Rhys,Brisbane,rbrisbane1r@marketwatch.com,Polygender,175.65.18.5
65,Meir,Swalough,mswalough1s@yolasite.com,Genderqueer,111.38.127.255
66,Abbey,Crisell,acrisell1t@upenn.edu,Female,31.186.95.255
67,Lexy,Gierok,lgierok1u@ning.com,Bigender,214.103.10.90
68,Chrissie,Letham,cletham1v@virginia.edu,Non-binary,153.77.77.226
69,Darrel,Burnhard,dburnhard1w@theatlantic.com,Male,225.80.143.14
70,Lana,Faley,lfaley1x@hhs.gov,Genderfluid,220.40.76.239
71,Hali,Detloff,hdetloff1y@weebly.com,Male,118.41.29.10
72,Denys,Dakhno,ddakhno1z@google.co.jp,Non-binary,82.75.170.119
73,Aila,Ben-Aharon,abenaharon20@newsvine.com,Female,139.136.3.49
74,Torey,Paniman,tpaniman21@google.fr,Genderfluid,61.159.194.232
75,Elijah,Foston,efoston22@newyorker.com,Bigender,187.61.9.18
76,Jaquelyn,Elden,jelden23@icq.com,Male,215.150.251.35
77,Isac,Wallentin,iwallentin24@mayoclinic.com,Polygender,39.76.189.12
78,Kalil,Ferraron,kferraron25@creativecommons.org,Non-binary,70.79.79.101
79,Julio,Pickworth,jpickworth26@posterous.com,Polygender,145.3.86.90
80,Arline,Birds,abirds27@cbslocal.com,Male,64.222.217.114
81,Richard,Sandwith,rsandwith28@parallels.com,Female,133.244.127.252
82,Clint,Panyer,cpanyer29@yellowpages.com,Polygender,42.221.201.82
83,Tobit,Geharke,tgeharke2a@hatena.ne.jp,Bigender,243.248.120.252
84,Wallas,Buckbee,wbuckbee2b@boston.com,Bigender,32.25.238.52
85,Rodney,Gregori,rgregori2c@yellowpages.com,Female,117.243.55.159
86,Ric,Bartolomeazzi,rbartolomeazzi2d@marketwatch.com,Polygender,158.149.213.91
87,Vick,Swiers,vswiers2e@odnoklassniki.ru,Agender,99.247.11.191
88,Vallie,Shorbrook,vshorbrook2f@diigo.com,Genderqueer,175.60.159.201
89,Hinze,Gomez,hgomez2g@goo.gl,Polygender,22.152.107.148
90,Stephi,Esp,sesp2h@istockphoto.com,Male,52.94.242.19
91,Zonda,Blackster,zblackster2i@soup.io,Agender,56.237.138.186
92,Reinhard,Dancy,rdancy2j@1und1.de,Genderfluid,196.240.73.128
93,Gabie,Deville,gdeville2k@freewebs.com,Agender,33.38.225.170
94,Holt,Honack,hhonack2l@tamu.edu,Agender,185.0.44.238
95,Pauline,Lewson,plewson2m@usda.gov,Non-binary,45.116.249.247
96,Ilene,Miquelet,imiquelet2n@freewebs.com,Polygender,200.17.148.181
97,Linnet,Hainsworth,lhainsworth2o@guardian.co.uk,Bigender,143.13.6.173
98,Blisse,Delleschi,bdelleschi2p@symantec.com,Polygender,61.232.242.13
99,Carlota,Pudden,cpudden2q@usatoday.com,Female,167.229.236.102
100,Ignazio,Valens-Smith,ivalenssmith2r@jiathis.com,Female,18.213.229.120
101,Deni,Fedorski,dfedorski2s@vk.com,Non-binary,6.187.223.59
102,Vivienne,McVeagh,vmcveagh2t@springer.com,Polygender,241.119.7.188
103,Zuzana,Ketley,zketley2u@google.ru,Bigender,66.44.137.84
104,Sadella,Ruscoe,sruscoe2v@hugedomains.com,Bigender,67.125.202.118
105,Bessy,Neubigging,bneubigging2w@scientificamerican.com,Female,59.119.155.220
106,Suzette,Arrighetti,sarrighetti2x@dion.ne.jp,Non-binary,255.87.45.148
107,Leontyne,Tozer,ltozer2y@nytimes.com,Genderfluid,181.165.115.114
108,Rebbecca,Duchasteau,rduchasteau2z@stumbleupon.com,Female,54.164.190.51
109,Donnamarie,Crotty,dcrotty30@google.com.hk,Female,71.184.138.34
110,Brigitte,Attrill,battrill31@1688.com,Genderfluid,26.147.34.212
111,Kettie,Daintith,kdaintith32@dagondesign.com,Bigender,57.59.58.147
112,Kirbie,Kerrod,kkerrod33@cocolog-nifty.com,Female,254.142.99.112
113,Gwenora,Breewood,gbreewood34@reddit.com,Male,98.240.50.132
114,Roberta,Akhurst,rakhurst35@i2i.jp,Agender,217.124.142.79
115,Rodd,Bentjens,rbentjens36@hud.gov,Female,238.234.254.58
116,Johnathan,Petracek,jpetracek37@adobe.com,Genderfluid,52.80.127.163
117,Templeton,Crowcher,tcrowcher38@infoseek.co.jp,Bigender,166.200.159.171
118,Heath,Squelch,hsquelch39@icq.com,Female,150.167.199.164
119,Winslow,Belcham,wbelcham3a@wiley.com,Male,63.187.176.251
120,Alys,Golsby,agolsby3b@fc2.com,Agender,18.251.184.253
121,Nichols,Cuttler,ncuttler3c@jigsy.com,Non-binary,92.13.223.145
122,Rickey,Billiard,rbilliard3d@epa.gov,Agender,42.145.181.39
123,Adele,Muttitt,amuttitt3e@indiegogo.com,Male,50.194.217.96
124,Demetris,Van Son,dvanson3f@php.net,Male,234.179.255.167
125,Antonie,Mault,amault3g@alexa.com,Male,162.40.83.229
126,Leese,Lenox,llenox3h@bloomberg.com,Female,147.78.107.27
127,Ferdinand,Bernardinelli,fbernardinelli3i@loc.gov,Genderfluid,239.171.178.253
128,Chauncey,Rothchild,crothchild3j@elegantthemes.com,Non-binary,61.221.125.228
129,Margarita,Poznan,mpoznan3k@blogger.com,Male,6.129.39.81
130,Darwin,Bigley,dbigley3l@php.net,Male,28.5.245.132
131,Dickie,Crandon,dcrandon3m@istockphoto.com,Non-binary,105.155.132.100
132,Garrik,Fitzharris,gfitzharris3n@icio.us,Polygender,190.170.21.232
133,Mercie,Yanin,myanin3o@gmpg.org,Female,4.133.180.51
134,Consuela,Prendiville,cprendiville3p@gmpg.org,Genderfluid,92.244.85.85
135,Fannie,Tynewell,ftynewell3q@sfgate.com,Genderfluid,58.255.156.166
136,Charleen,Tollit,ctollit3r@nyu.edu,Polygender,158.57.160.133
137,Blondie,Sigfrid,bsigfrid3s@home.pl,Genderqueer,18.35.128.208
138,Dre,Tapsfield,dtapsfield3t@discovery.com,Male,47.67.195.176
139,Diandra,Speer,dspeer3u@spiegel.de,Bigender,253.182.1.232
140,Tristan,Rhoddie,trhoddie3v@nbcnews.com,Female,133.191.158.156
141,Virginia,Chicco,vchicco3w@themeforest.net,Female,182.225.92.130
142,Berte,Plues,bplues3x@hubpages.com,Agender,216.84.30.72
143,Rik,Saw,rsaw3y@google.com,Male,89.5.236.168
144,Kevin,Stair,kstair3z@intel.com,Male,231.132.90.62
145,Michell,Minker,mminker40@merriam-webster.com,Polygender,238.254.108.92
146,Rosella,Blasdale,rblasdale41@newsvine.com,Female,150.26.126.212
147,Alvy,Trewhitt,atrewhitt42@senate.gov,Genderfluid,194.50.72.184
148,Anetta,Tournie,atournie43@ycombinator.com,Female,36.154.86.20
149,Welch,Kennealy,wkennealy44@unc.edu,Genderfluid,92.9.127.16
150,Robbin,Krolman,rkrolman45@xing.com,Genderqueer,215.183.166.67
151,Terry,Lecordier,tlecordier46@newsvine.com,Non-binary,13.154.255.27
152,Orelie,Marlin,omarlin47@newyorker.com,Genderqueer,242.251.233.202
153,Giffie,Baldwin,gbaldwin48@ucoz.com,Bigender,45.2.173.173
154,Rowland,Noblet,rnoblet49@msu.edu,Polygender,185.76.94.240
155,Ramonda,Nizet,rnizet4a@sina.com.cn,Male,157.199.58.189
156,Bevon,Gerren,bgerren4b@soup.io,Bigender,213.33.102.0
157,Hadley,Blanking,hblanking4c@reverbnation.com,Genderfluid,232.58.76.69
158,Vonnie,Tapply,vtapply4d@homestead.com,Female,232.139.9.219
159,Burr,Donisthorpe,bdonisthorpe4e@4shared.com,Genderfluid,142.42.118.88
160,Bjorn,Hablot,bhablot4f@earthlink.net,Non-binary,4.41.170.18
161,Gibby,Branigan,gbranigan4g@illinois.edu,Genderfluid,193.25.247.228
162,Ricca,Garmanson,rgarmanson4h@smugmug.com,Genderqueer,105.103.95.85
163,Bebe,Putnam,bputnam4i@purevolume.com,Agender,255.198.153.87
164,Ulrica,Edwins,uedwins4j@icq.com,Genderfluid,147.159.222.70
165,Emyle,Lissimore,elissimore4k@google.com.br,Genderfluid,25.1.106.149
166,Alisander,Antony,aantony4l@google.it,Genderqueer,246.207.248.37
167,Elga,Pedreschi,epedreschi4m@4shared.com,Bigender,78.25.4.189
168,Jesse,Linge,jlinge4n@istockphoto.com,Female,116.93.61.155
169,Erda,Hardesty,ehardesty4o@phoca.cz,Female,1.83.254.140
170,Aigneis,Muckersie,amuckersie4p@blogspot.com,Female,174.82.218.181
171,Gusta,Ranns,granns4q@flavors.me,Genderqueer,58.170.95.172
172,Thor,Stivens,tstivens4r@dropbox.com,Polygender,62.36.216.77
173,Carmela,Pethrick,cpethrick4s@fema.gov,Non-binary,229.98.100.55
174,Terrance,Smeuin,tsmeuin4t@tripod.com,Genderqueer,182.183.144.247
175,Melisande,MacKaig,mmackaig4u@photobucket.com,Agender,72.111.65.35
176,Clarette,Giacopetti,cgiacopetti4v@nasa.gov,Male,150.117.81.19
177,Pincus,Cowterd,pcowterd4w@slideshare.net,Genderqueer,63.227.86.129
178,Noelyn,Kike,nkike4x@google.co.jp,Female,196.206.98.6
179,Fleurette,McClay,fmcclay4y@ning.com,Agender,49.239.226.136
180,Margaux,Gregson,mgregson4z@rakuten.co.jp,Genderqueer,78.72.196.117
181,Giordano,Heindrich,gheindrich50@salon.com,Female,189.150.108.226
182,Michel,Sudlow,msudlow51@tumblr.com,Agender,34.170.92.195
183,Mellie,Chevis,mchevis52@google.it,Female,101.179.116.11
184,Tamar,Stopforth,tstopforth53@fema.gov,Polygender,24.102.112.193
185,Massimo,Burkinshaw,mburkinshaw54@123-reg.co.uk,Agender,243.42.19.236
186,Roberta,Rubertis,rrubertis55@hatena.ne.jp,Bigender,155.157.71.237
187,Greg,Cullinan,gcullinan56@cornell.edu,Agender,179.16.253.236
188,Lena,Wattins,lwattins57@cpanel.net,Genderqueer,214.141.184.5
189,Michail,Fairrie,mfairrie58@cbsnews.com,Non-binary,55.241.108.17
190,Alphonse,Broune,abroune59@pbs.org,Agender,175.98.5.42
191,Auroora,Duggon,aduggon5a@aol.com,Genderfluid,56.120.7.61
192,Terrye,Dumigan,tdumigan5b@noaa.gov,Agender,103.187.50.206
193,Catharine,Ege,cege5c@state.gov,Non-binary,104.247.103.182
194,Yalonda,Cominetti,ycominetti5d@over-blog.com,Polygender,52.193.226.146
195,Constanta,MacCaughen,cmaccaughen5e@clickbank.net,Polygender,184.29.155.101
196,Correy,Empleton,cempleton5f@ow.ly,Genderqueer,204.139.218.9
197,Otto,Jeacock,ojeacock5g@altervista.org,Polygender,167.17.112.163
198,Martainn,Greggersen,mgreggersen5h@state.tx.us,Polygender,77.109.89.16
199,Joey,Rustidge,jrustidge5i@dedecms.com,Male,100.75.69.132
200,Daryle,Asty,dasty5j@livejournal.com,Male,222.37.179.184
201,Hanni,Gregor,hgregor5k@mediafire.com,Genderqueer,151.109.4.5
202,Waylen,Soame,wsoame5l@time.com,Genderfluid,220.219.41.117
203,Tonnie,Laming,tlaming5m@sciencedirect.com,Genderqueer,83.188.145.80
204,Dene,Alliott,dalliott5n@altervista.org,Non-binary,63.153.103.163
205,Violetta,Finlaison,vfinlaison5o@pcworld.com,Genderqueer,117.139.118.206
206,Lois,Ferdinand,lferdinand5p@ox.ac.uk,Bigender,205.115.131.152
207,Claudio,Kinset,ckinset5q@bbc.co.uk,Genderqueer,58.146.122.60
208,Camilla,Fabb,cfabb5r@tripod.com,Polygender,43.248.135.20
209,Ezechiel,Rosenfeld,erosenfeld5s@ted.com,Non-binary,247.213.173.193
210,Mair,Cridlin,mcridlin5t@skyrock.com,Polygender,85.249.97.20
211,Wesley,Dahler,wdahler5u@sitemeter.com,Genderfluid,248.251.139.85
212,Fernando,Lanham,flanham5v@jimdo.com,Female,236.240.127.43
213,Ade,Jeroch,ajeroch5w@google.it,Polygender,222.169.136.181
214,Emmy,Mallender,emallender5x@senate.gov,Female,25.32.73.11
215,Caldwell,Gregorowicz,cgregorowicz5y@oaic.gov.au,Male,52.183.108.214
216,Emelia,Shearston,eshearston5z@cornell.edu,Non-binary,43.9.202.172
217,Jacklyn,McLenahan,jmclenahan60@tamu.edu,Genderfluid,50.237.205.204
218,Lovell,Tubby,ltubby61@ning.com,Genderfluid,250.141.160.6
219,Lorine,Rosenwasser,lrosenwasser62@livejournal.com,Agender,126.180.139.16
220,Theresina,Threlfall,tthrelfall63@clickbank.net,Non-binary,191.72.220.42
221,Meredith,Philliskirk,mphilliskirk64@rakuten.co.jp,Bigender,134.13.99.103
222,Melony,Clell,mclell65@multiply.com,Non-binary,164.89.195.249
223,Lynnett,Stiling,lstiling66@amazon.co.jp,Genderfluid,159.213.115.108
224,Darsey,Atrill,datrill67@ow.ly,Bigender,239.254.0.73
225,Heindrick,Lindenboim,hlindenboim68@noaa.gov,Bigender,149.107.19.64
226,Norrie,Pingstone,npingstone69@biblegateway.com,Agender,106.150.167.34
227,Merwin,Dowse,mdowse6a@google.nl,Genderfluid,106.51.85.12
228,Ernesto,Denney,edenney6b@fc2.com,Genderfluid,192.26.94.196
229,Jarad,Laing,jlaing6c@walmart.com,Male,39.165.105.115
230,Ellen,Laxton,elaxton6d@over-blog.com,Female,180.77.228.174
231,Jobye,Lower,jlower6e@sourceforge.net,Male,171.177.227.35
232,Mose,Arnhold,marnhold6f@ustream.tv,Bigender,187.236.163.53
233,Marrilee,Randlesome,mrandlesome6g@goo.ne.jp,Genderqueer,36.176.191.100
234,Nelli,Spellissy,nspellissy6h@psu.edu,Agender,134.49.249.116
235,Belia,Wareham,bwareham6i@yandex.ru,Bigender,255.10.167.192
236,Gertrudis,Dunsire,gdunsire6j@unesco.org,Genderfluid,27.42.209.232
237,Kennie,Smithies,ksmithies6k@uiuc.edu,Bigender,8.254.46.254
238,Ash,Messer,amesser6l@economist.com,Genderqueer,250.250.27.190
239,Christabel,Kleimt,ckleimt6m@google.co.jp,Bigender,167.248.129.203
240,Findley,Depke,fdepke6n@technorati.com,Agender,13.165.173.5
241,Adella,Lethabridge,alethabridge6o@tiny.cc,Bigender,236.254.136.53
242,Ethelyn,Liversidge,eliversidge6p@oracle.com,Genderqueer,15.239.73.108
243,Elmer,Fawkes,efawkes6q@networkadvertising.org,Agender,133.109.163.247
244,Gertruda,Elener,gelener6r@hao123.com,Bigender,170.241.131.222
245,Melisent,Cummins,mcummins6s@answers.com,Female,75.172.236.101
246,Lizzy,Morecomb,lmorecomb6t@myspace.com,Non-binary,192.63.5.235
247,Elke,Tapper,etapper6u@tumblr.com,Bigender,77.114.104.123
248,Alyosha,Harwood,aharwood6v@weebly.com,Polygender,87.2.160.54
249,Melisande,Gambrell,mgambrell6w@redcross.org,Polygender,67.249.169.233
250,Danice,Jacomb,djacomb6x@alexa.com,Non-binary,193.16.201.203
251,Creigh,Cullen,ccullen6y@rakuten.co.jp,Genderqueer,106.139.212.52
252,Isador,Drable,idrable6z@boston.com,Agender,233.227.182.163
253,Dacie,Ridehalgh,dridehalgh70@cnet.com,Genderqueer,71.167.193.135
254,Raffarty,Halloway,rhalloway71@4shared.com,Non-binary,83.51.143.149
255,Gretna,McKenzie,gmckenzie72@alibaba.com,Genderfluid,82.121.107.171
256,Gaylene,McIlriach,gmcilriach73@typepad.com,Non-binary,25.198.164.82
257,Rossy,Ionnisian,rionnisian74@hud.gov,Male,70.205.10.70
258,Caldwell,Rowthorne,crowthorne75@shop-pro.jp,Female,66.205.209.141
259,Ximenez,Franzetti,xfranzetti76@sphinn.com,Genderqueer,190.30.90.179
260,Catarina,Fane,cfane77@kickstarter.com,Non-binary,169.115.15.87
261,Jermaine,Grimbaldeston,jgrimbaldeston78@acquirethisname.com,Non-binary,174.171.208.250
262,Chelsy,Lowings,clowings79@ucoz.com,Male,53.125.30.146
263,Julita,Absolem,jabsolem7a@china.com.cn,Polygender,103.50.174.171
264,Kelsey,Birds,kbirds7b@bbc.co.uk,Bigender,90.227.96.52
265,Nita,Janovsky,njanovsky7c@canalblog.com,Agender,91.50.176.91
266,Bambi,Haps,bhaps7d@networksolutions.com,Polygender,19.155.125.244
267,Abbi,Muston,amuston7e@dailymotion.com,Bigender,243.119.204.232
268,Sim,Sharpless,ssharpless7f@typepad.com,Polygender,107.11.139.195
269,Jaclyn,Tomaszek,jtomaszek7g@constantcontact.com,Female,94.169.72.209
270,Cassius,Walsh,cwalsh7h@homestead.com,Polygender,155.101.166.243
271,Angus,Daulby,adaulby7i@tripadvisor.com,Polygender,147.23.249.109
272,Lyndel,Van Cassel,lvancassel7j@nature.com,Genderfluid,44.156.186.108
273,Paulette,Vasentsov,pvasentsov7k@newsvine.com,Genderfluid,127.98.225.77
274,Margalo,Asquez,masquez7l@salon.com,Female,39.43.60.231
275,Marta,Selborne,mselborne7m@amazonaws.com,Polygender,120.210.57.126
276,Gram,Burnett,gburnett7n@mail.ru,Female,118.8.78.188
277,Renaldo,Commins,rcommins7o@stanford.edu,Agender,209.44.126.30
278,Gualterio,Ellingworth,gellingworth7p@arizona.edu,Male,43.8.123.191
279,Dalston,Milkin,dmilkin7q@bigcartel.com,Bigender,104.108.240.155
280,Pamella,McAvey,pmcavey7r@tinypic.com,Polygender,201.84.83.243
281,Colly,Strowthers,cstrowthers7s@ifeng.com,Non-binary,199.240.27.178
282,Jess,Franzoli,jfranzoli7t@bigcartel.com,Genderqueer,243.171.232.140
283,Gilberte,Durant,gdurant7u@hubpages.com,Bigender,215.107.96.199
284,Madelon,Bussen,mbussen7v@hubpages.com,Agender,151.234.196.115
285,Roy,Stapylton,rstapylton7w@reverbnation.com,Female,8.225.156.221
286,Creight,Pitchford,cpitchford7x@tamu.edu,Male,13.54.242.177
287,Nerta,Goodacre,ngoodacre7y@imgur.com,Agender,167.247.11.72
288,Karry,Alcalde,kalcalde7z@senate.gov,Agender,2.154.1.164
289,Kerr,Newlands,knewlands80@furl.net,Male,8.53.207.5
290,Petra,Prandin,pprandin81@mac.com,Agender,227.69.24.142
291,Reena,Camerati,rcamerati82@google.com.hk,Female,61.221.52.220
292,Payton,Pittet,ppittet83@gizmodo.com,Genderqueer,77.163.10.25
293,Tannie,Ventham,tventham84@studiopress.com,Polygender,208.234.72.251
294,Grenville,Winnett,gwinnett85@alexa.com,Genderfluid,131.122.39.62
295,Willard,Gabitis,wgabitis86@gravatar.com,Non-binary,240.39.149.26
296,Dennie,Simmill,dsimmill87@phpbb.com,Bigender,105.189.94.161
297,Tasia,Charville,tcharville88@ted.com,Bigender,152.193.252.29
298,Kassie,Hoodspeth,khoodspeth89@tuttocitta.it,Genderqueer,60.28.132.177
299,Natala,Balderston,nbalderston8a@xrea.com,Bigender,230.204.241.108
300,Maxwell,Atyeo,matyeo8b@about.com,Non-binary,181.185.207.52
301,Raquel,Mabe,rmabe8c@comcast.net,Bigender,98.84.228.248
302,Adorne,Dyka,adyka8d@blogger.com,Female,245.153.221.27
303,Bebe,Wiltsher,bwiltsher8e@yolasite.com,Polygender,120.61.217.218
304,Catie,Huson,chuson8f@wikimedia.org,Non-binary,116.134.234.244
305,Gustavo,Soots,gsoots8g@miibeian.gov.cn,Bigender,86.163.161.114
306,Abelard,Sebrens,asebrens8h@yahoo.com,Bigender,245.67.84.210
307,Felicia,Bariball,fbariball8i@over-blog.com,Bigender,43.234.157.87
308,Larissa,Cisar,lcisar8j@quantcast.com,Agender,56.147.187.173
309,Maggy,O' Liddy,moliddy8k@cdbaby.com,Non-binary,119.74.227.218
310,Scarface,Figg,sfigg8l@statcounter.com,Agender,173.108.14.37
311,Arlana,Aspinall,aaspinall8m@tripadvisor.com,Female,68.231.176.86
312,Gavra,Elfleet,gelfleet8n@alexa.com,Non-binary,242.249.69.63
313,Melania,Cattach,mcattach8o@google.cn,Non-binary,231.140.252.19
314,Eula,Lelliott,elelliott8p@jigsy.com,Genderfluid,249.241.163.121
315,Parke,Haines,phaines8q@fc2.com,Female,195.218.52.169
316,Calla,Andrag,candrag8r@ft.com,Female,69.142.100.19
317,Cosimo,Richardsson,crichardsson8s@ucoz.ru,Polygender,55.67.185.197
318,Cyndi,Humburton,chumburton8t@shutterfly.com,Non-binary,94.200.50.20
319,Emile,Rhule,erhule8u@theatlantic.com,Male,28.128.27.207
320,Chantal,Dean,cdean8v@hexun.com,Non-binary,68.155.137.49
321,Helsa,Stitson,hstitson8w@dropbox.com,Male,61.195.95.145
322,Carola,Skerman,cskerman8x@example.com,Female,200.223.226.20
323,Ailis,Chaloner,achaloner8y@ovh.net,Non-binary,19.90.24.172
324,Judas,Ajam,jajam8z@vistaprint.com,Genderqueer,236.10.164.200
325,Demott,Antonucci,dantonucci90@statcounter.com,Genderqueer,14.111.57.148
326,Dorene,Theunissen,dtheunissen91@bbb.org,Polygender,157.98.35.2
327,Van,Talks,vtalks92@chron.com,Genderfluid,171.215.35.36
328,Paulo,Boss,pboss93@ezinearticles.com,Bigender,226.134.200.194
329,Fayth,Found,ffound94@yolasite.com,Polygender,166.3.163.153
330,Don,Carey,dcarey95@va.gov,Non-binary,52.126.204.46
331,Patty,Quirk,pquirk96@paginegialle.it,Non-binary,89.136.114.247
332,Moishe,Kopisch,mkopisch97@google.it,Genderqueer,219.247.192.160
333,Rubi,Giacobillo,rgiacobillo98@msu.edu,Agender,108.252.254.241
334,Bard,Zorer,bzorer99@nifty.com,Genderqueer,117.81.255.137
335,Yevette,Peevor,ypeevor9a@reverbnation.com,Genderqueer,179.37.244.56
336,Antonia,Skinley,askinley9b@google.co.jp,Genderfluid,174.102.33.179
337,Todd,Jeary,tjeary9c@printfriendly.com,Agender,5.173.86.128
338,Temp,McEwan,tmcewan9d@cbc.ca,Non-binary,71.91.100.28
339,Emelita,Setford,esetford9e@sina.com.cn,Agender,179.76.202.142
340,Jerald,Bockett,jbockett9f@pinterest.com,Female,78.152.18.42
341,Laughton,Swaile,lswaile9g@eepurl.com,Agender,164.55.243.181
342,Ysabel,Hanhardt,yhanhardt9h@deviantart.com,Female,78.71.245.29
343,Nicky,Robbe,nrobbe9i@census.gov,Female,240.233.123.216
344,Rancell,Hartop,rhartop9j@blinklist.com,Female,170.163.124.175
345,Wendeline,Doley,wdoley9k@miibeian.gov.cn,Female,120.154.123.93
346,Monro,Danilyuk,mdanilyuk9l@adobe.com,Female,141.13.230.33
347,Francesco,Schoular,fschoular9m@wikipedia.org,Non-binary,212.253.155.160
348,Allene,Yvens,ayvens9n@netvibes.com,Non-binary,246.81.90.101
349,Yoko,Denekamp,ydenekamp9o@tmall.com,Male,129.228.202.130
350,Edyth,Astie,eastie9p@myspace.com,Bigender,155.98.10.138
351,Dyann,Roughan,droughan9q@mayoclinic.com,Agender,95.3.34.29
352,Abbe,Hollingshead,ahollingshead9r@cnet.com,Genderfluid,130.149.222.6
353,Alfonse,Caldera,acaldera9s@sfgate.com,Genderqueer,164.208.230.209
354,Cele,Kirkby,ckirkby9t@cyberchimps.com,Bigender,188.243.13.74
355,Andriana,McFeate,amcfeate9u@gnu.org,Genderfluid,34.64.0.168
356,Jessalin,Ethelstone,jethelstone9v@ehow.com,Female,0.142.191.141
357,Gussy,Maylam,gmaylam9w@craigslist.org,Female,102.176.118.207
358,Bell,Tebbit,btebbit9x@latimes.com,Genderqueer,96.211.207.205
359,Babs,Gorvin,bgorvin9y@sbwire.com,Bigender,26.119.112.153
360,Carolan,Wormell,cwormell9z@gov.uk,Bigender,237.132.96.88
361,Laurence,Eckersley,leckersleya0@army.mil,Non-binary,225.143.50.123
362,Massimo,Trinke,mtrinkea1@nbcnews.com,Genderfluid,54.176.163.108
363,Ranee,Cubberley,rcubberleya2@abc.net.au,Female,53.140.42.158
364,Trula,Tunbridge,ttunbridgea3@ted.com,Genderfluid,178.191.164.31
365,Gill,Dufty,gduftya4@tumblr.com,Non-binary,1.98.140.207
366,Doyle,Chatres,dchatresa5@seattletimes.com,Female,221.253.2.65
367,Tammy,Beauchop,tbeauchopa6@barnesandnoble.com,Agender,17.135.98.120
368,Giordano,Larway,glarwaya7@ocn.ne.jp,Polygender,178.14.194.132
369,Pammy,Sanches,psanchesa8@umich.edu,Genderqueer,152.54.20.212
370,Zia,Robillart,zrobillarta9@cocolog-nifty.com,Bigender,199.21.155.244
371,Jasmine,Hallam,jhallamaa@ca.gov,Genderfluid,98.38.39.143
372,Erek,Defont,edefontab@salon.com,Agender,188.177.251.170
373,Britte,Thrustle,bthrustleac@moonfruit.com,Female,152.130.113.45
374,Abra,Adriano,aadrianoad@pinterest.com,Bigender,88.89.203.27
375,Lawton,Lared,llaredae@tiny.cc,Polygender,212.148.54.129
376,Mandy,Croughan,mcroughanaf@hibu.com,Polygender,18.53.10.37
377,Essa,Kelso,ekelsoag@newyorker.com,Male,132.43.173.19
378,Sarena,Worsalls,sworsallsah@sciencedirect.com,Polygender,119.15.173.83
379,Fayette,Colthard,fcolthardai@telegraph.co.uk,Genderqueer,78.212.202.123
380,Perle,Stefanovic,pstefanovicaj@cdc.gov,Non-binary,32.168.112.156
381,Faye,Christon,fchristonak@macromedia.com,Bigender,95.106.144.39
382,Chere,Dowse,cdowseal@icio.us,Female,164.85.149.45
383,Gustave,Malmar,gmalmaram@sciencedirect.com,Genderqueer,2.85.200.190
384,Hedwiga,Brettle,hbrettlean@wikia.com,Genderfluid,124.36.21.104
385,Ailina,Hatch,ahatchao@chron.com,Genderqueer,168.62.31.54
386,Tabby,Legh,tleghap@t-online.de,Bigender,200.100.57.214
387,Luelle,Fragino,lfraginoaq@amazon.com,Polygender,113.206.74.177
388,Glenna,Norcott,gnorcottar@w3.org,Agender,30.164.20.159
389,Coraline,Speddin,cspeddinas@answers.com,Female,85.194.152.201
390,Leah,Spragg,lspraggat@indiegogo.com,Bigender,96.77.183.186
391,Florenza,Lewknor,flewknorau@go.com,Genderfluid,14.212.173.10
392,Emilio,Denerley,edenerleyav@studiopress.com,Male,186.132.16.211
393,Lennard,Presnell,lpresnellaw@ustream.tv,Bigender,21.250.85.49
394,Dulcie,Tollemache,dtollemacheax@samsung.com,Agender,94.187.246.128
395,Amberly,Tumilson,atumilsonay@51.la,Female,203.46.205.159
396,Daisie,Shergill,dshergillaz@bing.com,Polygender,249.201.47.222
397,Janey,Croxton,jcroxtonb0@sun.com,Female,118.1.7.250
398,Abbey,Blyth,ablythb1@rediff.com,Non-binary,240.52.210.13
399,Juliet,Delnevo,jdelnevob2@wikispaces.com,Non-binary,97.238.27.30
400,Bernadene,Jory,bjoryb3@senate.gov,Female,69.42.143.42
401,Harwilll,Cornock,hcornockb4@indiatimes.com,Male,228.97.141.113
402,Minny,Guise,mguiseb5@ebay.com,Non-binary,226.80.68.44
403,Artie,Tembey,atembeyb6@sakura.ne.jp,Bigender,79.7.135.64
404,Jdavie,Kropp,jkroppb7@icq.com,Non-binary,71.124.17.102
405,Fredericka,Olman,folmanb8@constantcontact.com,Polygender,191.124.34.73
406,Cassandry,Nardi,cnardib9@accuweather.com,Non-binary,186.144.5.73
407,Lexi,Nary,lnaryba@artisteer.com,Female,52.144.117.219
408,Amalle,Pawlaczyk,apawlaczykbb@amazonaws.com,Bigender,241.255.180.179
409,Bendicty,Houlson,bhoulsonbc@bravesites.com,Genderfluid,28.5.133.175
410,Kinsley,Pietasch,kpietaschbd@dagondesign.com,Non-binary,0.42.42.164
411,Noami,Lucio,nluciobe@harvard.edu,Bigender,98.75.109.49
412,Doug,Daud,ddaudbf@bloglines.com,Bigender,78.243.221.172
413,Clemmie,Pinnion,cpinnionbg@sourceforge.net,Male,133.55.109.22
414,Evanne,Strain,estrainbh@pinterest.com,Male,23.135.236.106
415,Billie,Drennan,bdrennanbi@economist.com,Male,251.230.191.222
416,Sarena,Haldon,shaldonbj@msu.edu,Genderqueer,45.135.19.26
417,Paul,Maylin,pmaylinbk@abc.net.au,Polygender,33.66.212.149
418,Shelagh,Giottoi,sgiottoibl@nps.gov,Genderfluid,228.149.167.119
419,Darren,Frede,dfredebm@unc.edu,Male,194.176.210.194
420,Dorey,Norwood,dnorwoodbn@etsy.com,Non-binary,250.83.189.226
421,Eirena,Hamshere,ehamsherebo@chicagotribune.com,Female,24.104.160.248
422,Colan,Graben,cgrabenbp@sina.com.cn,Genderfluid,161.198.91.166
423,Ede,Merrifield,emerrifieldbq@nationalgeographic.com,Agender,0.224.200.16
424,Tadio,Dory,tdorybr@auda.org.au,Genderfluid,83.205.160.163
425,Allen,Belchamp,abelchampbs@woothemes.com,Non-binary,83.56.61.210
426,Rickard,Elnaugh,relnaughbt@aol.com,Genderfluid,118.7.6.4
427,Shell,Collabine,scollabinebu@dropbox.com,Genderfluid,135.210.127.234
428,Debor,Gillbe,dgillbebv@newsvine.com,Non-binary,252.101.80.70
429,Tye,Finley,tfinleybw@plala.or.jp,Agender,27.29.45.124
430,Isis,Redsall,iredsallbx@bbb.org,Female,129.227.89.178
431,Sheree,Golbourn,sgolbournby@weather.com,Agender,162.196.140.251
432,Kandy,Tumbridge,ktumbridgebz@4shared.com,Genderfluid,188.242.6.246
433,Martha,Arnaudi,marnaudic0@tiny.cc,Genderqueer,114.50.179.214
434,Coriss,Yandle,cyandlec1@dmoz.org,Male,147.82.99.248
435,Rafi,Rishbrook,rrishbrookc2@fc2.com,Female,182.16.156.38
436,Magdaia,Woodruff,mwoodruffc3@mysql.com,Genderqueer,203.29.186.45
437,Pearce,Scholig,pscholigc4@soup.io,Female,232.132.111.108
438,Mitchell,Bolte,mboltec5@last.fm,Bigender,232.121.31.108
439,Yoshi,Carlos,ycarlosc6@harvard.edu,Bigender,80.105.102.43
440,Justin,Giffard,jgiffardc7@kickstarter.com,Genderqueer,95.126.26.173
441,Rebekkah,Hiland,rhilandc8@hostgator.com,Genderfluid,237.145.178.9
442,Townie,Pinwell,tpinwellc9@amazon.co.jp,Male,7.163.94.155
443,Ninnetta,Huxstep,nhuxstepca@comcast.net,Genderfluid,21.81.113.40
444,Waylen,Baudouin,wbaudouincb@dailymotion.com,Genderfluid,5.123.96.6
445,Stacee,Mazzilli,smazzillicc@ovh.net,Genderfluid,105.2.103.141
446,Duky,Codeman,dcodemancd@nbcnews.com,Genderfluid,215.64.32.183
447,Lance,Hast,lhastce@gov.uk,Male,211.215.168.3
448,Denyse,Miroy,dmiroycf@msn.com,Non-binary,35.210.128.68
449,Sabina,Manginot,smanginotcg@artisteer.com,Genderqueer,117.22.78.80
450,Gonzalo,Cashford,gcashfordch@harvard.edu,Bigender,111.240.131.8
451,Adam,Robben,arobbenci@ibm.com,Genderqueer,117.29.51.191
452,Roselia,Morden,rmordencj@ovh.net,Polygender,11.185.3.97
453,Clem,Pittel,cpittelck@shinystat.com,Polygender,69.123.5.51
454,Cherish,Gother,cgothercl@opensource.org,Agender,167.93.103.100
455,Erastus,Touhig,etouhigcm@forbes.com,Female,151.252.203.136
456,Izabel,Parkman,iparkmancn@blogger.com,Non-binary,227.138.214.9
457,Gabie,Blunsen,gblunsenco@tripod.com,Male,220.71.64.134
458,Peggi,Lanfer,planfercp@google.fr,Female,179.18.241.218
459,Sydney,Knobell,sknobellcq@twitter.com,Non-binary,186.117.186.9
460,Lanita,Bagwell,lbagwellcr@techcrunch.com,Non-binary,22.14.57.172
461,Judi,Bows,jbowscs@blog.com,Polygender,96.66.108.177
462,Lennie,Kalf,lkalfct@networkadvertising.org,Polygender,238.109.104.12
463,Karl,Tankus,ktankuscu@mapy.cz,Male,60.26.142.245
464,Maurise,Vyvyan,mvyvyancv@theatlantic.com,Agender,196.25.100.200
465,Ruprecht,Simmig,rsimmigcw@google.com.br,Bigender,135.191.51.167
466,Franky,Croxon,fcroxoncx@foxnews.com,Polygender,106.114.7.207
467,Aurlie,Lerigo,alerigocy@weibo.com,Male,26.9.83.126
468,Kale,Wallentin,kwallentincz@networkadvertising.org,Bigender,162.189.107.120
469,Blanca,Caulcutt,bcaulcuttd0@ezinearticles.com,Non-binary,2.59.254.89
470,Raquela,Grigorian,rgrigoriand1@wordpress.com,Genderqueer,135.74.215.148
471,Kalie,Oulner,koulnerd2@springer.com,Genderfluid,141.45.128.188
472,Loy,Ferrers,lferrersd3@ft.com,Agender,120.88.20.171
473,Benjamen,Trusler,btruslerd4@nhs.uk,Genderfluid,116.147.36.175
474,Nicola,Prosch,nproschd5@imdb.com,Bigender,153.219.133.115
475,Jesselyn,Silbersak,jsilbersakd6@cnet.com,Genderfluid,164.158.30.210
476,Judie,Queyeiro,jqueyeirod7@senate.gov,Bigender,173.20.214.201
477,Tiphany,Kepp,tkeppd8@mapquest.com,Bigender,216.171.92.8
478,Gillian,Tellesson,gtellessond9@uiuc.edu,Genderfluid,223.49.229.115
479,Tibold,Bigglestone,tbigglestoneda@google.co.uk,Male,107.13.189.240
480,Arni,Denial,adenialdb@scribd.com,Female,185.194.106.160
481,Eliza,Dallemore,edallemoredc@cam.ac.uk,Genderqueer,222.217.41.185
482,Derby,Dumingos,ddumingosdd@ft.com,Genderqueer,131.246.234.60
483,Vannie,Lewsy,vlewsyde@baidu.com,Non-binary,25.52.183.105
484,Bonny,Gehrtz,bgehrtzdf@nydailynews.com,Agender,229.82.55.43
485,Lelah,Aloway,lalowaydg@artisteer.com,Genderqueer,141.46.71.166
486,Nathalie,Dwine,ndwinedh@nationalgeographic.com,Agender,193.51.19.239
487,Bevin,Lavies,blaviesdi@google.com.au,Non-binary,52.65.157.228
488,Yvonne,Trimble,ytrimbledj@unblog.fr,Female,102.124.22.203
489,Ricki,Schoenrock,rschoenrockdk@rediff.com,Male,8.130.234.74
490,Selinda,Crossdale,scrossdaledl@theatlantic.com,Bigender,108.14.67.94
491,Scarlet,Braniff,sbraniffdm@pinterest.com,Non-binary,233.170.148.19
492,Maryanna,Klemencic,mklemencicdn@microsoft.com,Bigender,122.192.199.119
493,Moore,Munkton,mmunktondo@icio.us,Genderqueer,28.105.150.18
494,Sal,Matthews,smatthewsdp@alibaba.com,Agender,196.247.156.196
495,Haze,Cay,hcaydq@chicagotribune.com,Bigender,77.10.205.80
496,Evy,Spitell,espitelldr@auda.org.au,Polygender,50.121.21.151
497,Rodney,Wilds,rwildsds@cmu.edu,Agender,255.113.248.128
498,Ado,Ambrodi,aambrodidt@chicagotribune.com,Genderfluid,233.246.111.92
499,Alanah,Lomax,alomaxdu@admin.ch,Non-binary,240.122.193.181
500,Christoper,Killingbeck,ckillingbeckdv@europa.eu,Male,122.106.204.135
501,Becca,De Blasi,bdeblasidw@google.de,Agender,63.218.170.210
502,Milena,Colledge,mcolledgedx@google.it,Genderqueer,204.118.182.84
503,Gilbert,Griffen,ggriffendy@mac.com,Male,83.106.95.221
504,Ardisj,Wiszniewski,awiszniewskidz@kickstarter.com,Genderfluid,189.127.159.67
505,Jana,Gammie,jgammiee0@nymag.com,Non-binary,69.76.149.240
506,Bancroft,Camelin,bcameline1@goo.gl,Male,167.180.29.22
507,Richardo,Cockshtt,rcockshtte2@craigslist.org,Polygender,183.49.93.231
508,Gale,O' Shea,gosheae3@myspace.com,Agender,12.112.90.215
509,Guilbert,Wilstead,gwilsteade4@cnn.com,Non-binary,136.243.114.232
510,Amelina,Ravenshear,aravensheare5@nasa.gov,Bigender,4.196.112.245
511,Prentiss,Bennison,pbennisone6@aol.com,Genderqueer,204.23.234.106
512,Nickie,Gloves,nglovese7@foxnews.com,Agender,200.194.70.126
513,Phil,Gowthrop,pgowthrope8@google.ru,Bigender,108.6.143.19
514,Torrance,Gouge,tgougee9@mapquest.com,Bigender,27.234.116.134
515,Cletis,Marchetti,cmarchettiea@163.com,Male,167.37.84.234
516,Siffre,Yurkin,syurkineb@ocn.ne.jp,Genderfluid,56.85.87.83
517,Lizette,Byrd,lbyrdec@livejournal.com,Polygender,20.230.185.225
518,Kilian,Olivia,koliviaed@1688.com,Male,88.174.254.21
519,Daisi,Souster,dsousteree@privacy.gov.au,Genderfluid,108.46.168.223
520,Zia,Hakes,zhakesef@sitemeter.com,Genderqueer,13.237.72.11
521,Evangelina,Crosland,ecroslandeg@edublogs.org,Male,4.88.40.188
522,Val,Fuidge,vfuidgeeh@chron.com,Male,239.192.18.102
523,Merl,Carbery,mcarberyei@tripod.com,Male,32.229.25.71
524,Budd,Denyer,bdenyerej@wix.com,Agender,80.196.54.33
525,Ulrikaumeko,Ockland,uocklandek@nba.com,Agender,228.9.74.182
526,Teodorico,Coughlin,tcoughlinel@google.es,Agender,170.148.174.83
527,Maiga,Pipes,mpipesem@chicagotribune.com,Non-binary,200.221.8.239
528,Abba,Bridgwater,abridgwateren@gnu.org,Non-binary,216.42.206.14
529,Mano,McGonigle,mmcgonigleeo@tripadvisor.com,Polygender,216.235.169.96
530,Maure,Blaine,mblaineep@technorati.com,Bigender,35.253.73.192
531,Zelma,Piddlehinton,zpiddlehintoneq@symantec.com,Genderfluid,79.97.11.246
532,Fonz,Copins,fcopinser@wp.com,Non-binary,236.18.230.239
533,Lian,Braidford,lbraidfordes@mtv.com,Non-binary,196.77.107.189
534,Roscoe,Widdop,rwiddopet@cdbaby.com,Female,69.108.196.75
535,Loralie,Tixier,ltixiereu@barnesandnoble.com,Genderqueer,245.48.230.195
536,Krissie,McEvilly,kmcevillyev@columbia.edu,Genderfluid,36.152.130.249
537,Henryetta,Minchenton,hminchentonew@seattletimes.com,Male,32.67.114.7
538,Batsheva,Lukash,blukashex@edublogs.org,Agender,192.248.22.220
539,Ikey,Pahl,ipahley@alexa.com,Agender,170.194.3.167
540,Dianna,Truder,dtruderez@telegraph.co.uk,Genderfluid,173.240.194.203
541,Janenna,Pennazzi,jpennazzif0@github.com,Female,157.215.173.33
542,Ealasaid,Boot,ebootf1@flavors.me,Agender,19.221.43.160
543,Llewellyn,Stirzaker,lstirzakerf2@cyberchimps.com,Non-binary,72.218.28.227
544,Duncan,Brock,dbrockf3@wunderground.com,Genderfluid,184.7.118.98
545,Ahmad,Scawen,ascawenf4@altervista.org,Non-binary,118.162.195.122
546,Brand,Southwell,bsouthwellf5@chronoengine.com,Bigender,137.157.91.221
547,Alberta,Hayland,ahaylandf6@oaic.gov.au,Female,227.33.43.223
548,Berkly,Foxall,bfoxallf7@diigo.com,Genderqueer,15.38.118.103
549,Dolly,Dreng,ddrengf8@sakura.ne.jp,Agender,158.48.255.53
550,Hill,Gallahar,hgallaharf9@istockphoto.com,Female,50.83.244.136
551,Melosa,Cauldfield,mcauldfieldfa@gnu.org,Non-binary,157.33.252.39
552,Munroe,Connal,mconnalfb@elpais.com,Agender,194.18.181.34
553,Boycie,Stockhill,bstockhillfc@plala.or.jp,Female,206.123.90.81
554,Virge,Garwell,vgarwellfd@stumbleupon.com,Genderqueer,225.20.133.78
555,Josias,Gwatkin,jgwatkinfe@utexas.edu,Non-binary,78.146.222.21
556,Antonetta,Reichartz,areichartzff@earthlink.net,Male,224.124.112.150
557,Deana,Dunlop,ddunlopfg@soundcloud.com,Genderqueer,207.110.7.213
558,Welbie,Caile,wcailefh@ustream.tv,Polygender,34.70.205.31
559,Conway,Fazzioli,cfazziolifi@wp.com,Female,249.11.8.133
560,Wilden,Playle,wplaylefj@cargocollective.com,Genderqueer,9.232.127.181
561,Nathalie,Rudham,nrudhamfk@themeforest.net,Female,79.194.216.252
562,Bogey,Boatwright,bboatwrightfl@springer.com,Female,246.227.203.159
563,Kevon,Hopkyns,khopkynsfm@fotki.com,Agender,193.222.31.120
564,Theresita,Dunstan,tdunstanfn@sourceforge.net,Polygender,148.92.194.188
565,Renie,Spridgen,rspridgenfo@state.gov,Non-binary,158.218.4.107
566,Benedikta,Fancet,bfancetfp@t.co,Non-binary,93.103.70.9
567,Gonzalo,Rousby,grousbyfq@bing.com,Male,56.109.213.208
568,Jacquenetta,Scanlon,jscanlonfr@amazonaws.com,Agender,18.191.88.235
569,Leia,Southey,lsoutheyfs@hud.gov,Genderqueer,38.225.10.111
570,Imogen,Henri,ihenrift@craigslist.org,Genderfluid,124.176.69.17
571,Franni,Konrad,fkonradfu@gravatar.com,Non-binary,45.62.160.47
572,Melodie,Fullagar,mfullagarfv@cnet.com,Polygender,10.67.221.65
573,Dacy,Tant,dtantfw@mtv.com,Genderfluid,179.114.25.107
574,Berni,Hovie,bhoviefx@columbia.edu,Agender,34.30.103.79
575,Theresa,Di Bartolomeo,tdibartolomeofy@newyorker.com,Male,70.151.214.119
576,Gerry,Hulles,ghullesfz@samsung.com,Agender,29.254.159.74
577,Tamra,Apfler,tapflerg0@bbc.co.uk,Male,62.230.181.52
578,Rudie,Shaul,rshaulg1@biglobe.ne.jp,Female,99.43.198.162
579,Gwendolyn,Graffham,ggraffhamg2@xinhuanet.com,Bigender,122.116.60.224
580,Nehemiah,Vickerman,nvickermang3@bloglovin.com,Female,197.199.234.122
581,Dorian,Oddy,doddyg4@netscape.com,Genderfluid,223.218.175.141
582,Addison,Lambol,alambolg5@ebay.com,Agender,92.241.214.161
583,Montague,Dalrymple,mdalrympleg6@globo.com,Male,241.228.74.135
584,Renado,Callender,rcallenderg7@china.com.cn,Bigender,210.49.177.181
585,Klaus,Mariaud,kmariaudg8@ft.com,Male,78.98.254.172
586,Concordia,Gillet,cgilletg9@sphinn.com,Non-binary,21.34.109.190
587,Shelli,Awcoate,sawcoatega@alibaba.com,Polygender,48.1.119.61
588,Constancy,Roocroft,croocroftgb@va.gov,Female,63.223.19.74
589,Randene,Wantling,rwantlinggc@ucoz.ru,Male,28.213.197.176
590,Bernadette,Renton,brentongd@jiathis.com,Genderfluid,16.92.68.126
591,Averyl,Brosch,abroschge@cpanel.net,Non-binary,18.251.177.93
592,Prudi,Thormann,pthormanngf@chronoengine.com,Agender,251.3.252.202
593,Roseann,Aggas,raggasgg@wordpress.org,Genderqueer,37.193.44.176
594,Abigale,Jentin,ajentingh@phoca.cz,Polygender,137.93.43.122
595,Alika,Ollive,aollivegi@imgur.com,Bigender,227.197.160.178
596,Carlie,Tomowicz,ctomowiczgj@bravesites.com,Female,209.132.254.143
597,Alvera,McGill,amcgillgk@jugem.jp,Genderqueer,209.221.45.152
598,Megan,Worvill,mworvillgl@rediff.com,Polygender,37.186.183.173
599,Humfrid,Pickavance,hpickavancegm@reddit.com,Polygender,129.121.32.7
600,Brendis,Bellord,bbellordgn@blogs.com,Bigender,42.170.24.161
601,Lyndel,Brauninger,lbrauningergo@spotify.com,Male,191.165.118.209
602,Stanford,Astbury,sastburygp@posterous.com,Agender,84.192.97.119
603,Shae,Romain,sromaingq@flickr.com,Polygender,29.231.177.172
604,Lyle,McTear,lmcteargr@wikispaces.com,Agender,178.180.174.245
605,Bili,Croysdale,bcroysdalegs@businessweek.com,Non-binary,93.215.56.32
606,Fredek,Hartzog,fhartzoggt@google.es,Polygender,86.206.254.204
607,Cullen,Beeho,cbeehogu@feedburner.com,Genderfluid,153.133.45.49
608,Amelia,Traite,atraitegv@printfriendly.com,Polygender,65.72.217.123
609,Kenon,Selway,kselwaygw@redcross.org,Bigender,132.235.165.227
610,Danni,Bridgnell,dbridgnellgx@over-blog.com,Genderfluid,238.174.62.192
611,Bank,Ginity,bginitygy@dropbox.com,Non-binary,239.237.91.7
612,Christie,Piatkowski,cpiatkowskigz@last.fm,Genderqueer,136.254.174.238
613,Georgena,Mullarkey,gmullarkeyh0@cocolog-nifty.com,Genderfluid,55.29.237.83
614,Deirdre,Spensley,dspensleyh1@oracle.com,Bigender,7.29.241.48
615,Sisile,Bragg,sbraggh2@miitbeian.gov.cn,Non-binary,187.244.52.191
616,Ashia,Akehurst,aakehursth3@reference.com,Bigender,182.174.106.71
617,Jermaine,Lansdown,jlansdownh4@icio.us,Genderfluid,181.236.93.242
618,Seline,Abbets,sabbetsh5@telegraph.co.uk,Agender,206.29.255.17
619,Lynne,Minty,lmintyh6@tinyurl.com,Genderqueer,162.159.22.251
620,Tracie,MacArthur,tmacarthurh7@bbb.org,Polygender,182.88.102.216
621,Wolfie,Gores,wgoresh8@taobao.com,Agender,217.125.113.46
622,Jolynn,Castro,jcastroh9@discovery.com,Polygender,5.253.227.7
623,Conant,Camacke,ccamackeha@cdbaby.com,Genderfluid,249.224.3.224
624,Salvador,Stetlye,sstetlyehb@webeden.co.uk,Agender,56.169.21.52
625,Gertrude,Hainey,ghaineyhc@liveinternet.ru,Genderqueer,90.89.125.29
626,Mora,Straw,mstrawhd@gnu.org,Genderqueer,236.7.200.36
627,Hector,Linskey,hlinskeyhe@1und1.de,Agender,195.9.70.5
628,Wendie,Duffree,wduffreehf@state.tx.us,Female,181.173.41.53
629,Dante,Sallter,dsallterhg@freewebs.com,Female,41.60.214.240
630,Lek,Cowap,lcowaphh@a8.net,Agender,218.242.96.24
631,Petronille,Puve,ppuvehi@topsy.com,Polygender,12.154.47.186
632,Ethe,Walder,ewalderhj@google.ru,Bigender,18.168.30.218
633,Marji,Ornells,mornellshk@sitemeter.com,Genderqueer,43.38.88.212
634,Kalindi,McGenis,kmcgenishl@live.com,Genderqueer,143.28.142.172
635,Carlye,Chazerand,cchazerandhm@people.com.cn,Genderqueer,177.63.232.159
636,Jephthah,Cestard,jcestardhn@trellian.com,Polygender,195.47.237.136
637,Peri,Drinnan,pdrinnanho@dailymotion.com,Female,182.175.109.76
638,Florida,Delve,fdelvehp@thetimes.co.uk,Genderqueer,245.221.114.233
639,Caesar,Kittless,ckittlesshq@ft.com,Bigender,111.89.229.114
640,Doloritas,Le Sarr,dlesarrhr@techcrunch.com,Female,150.234.12.225
641,Kiersten,Goathrop,kgoathrophs@google.nl,Male,123.12.67.178
642,Desirae,McIlenna,dmcilennaht@webnode.com,Genderqueer,20.76.92.232
643,Alvin,Tythe,atythehu@histats.com,Male,228.35.43.244
644,Carrissa,Gladdolph,cgladdolphhv@washingtonpost.com,Genderfluid,69.180.168.115
645,Manuel,Whatling,mwhatlinghw@dot.gov,Bigender,27.136.8.129
646,Rici,Kinlock,rkinlockhx@thetimes.co.uk,Male,64.252.30.161
647,Mia,Franey,mfraneyhy@webeden.co.uk,Agender,59.152.112.208
648,Robert,Monroe,rmonroehz@topsy.com,Female,59.21.41.26
649,Catharina,Esilmon,cesilmoni0@vk.com,Agender,227.52.212.10
650,Crysta,Dorward,cdorwardi1@simplemachines.org,Bigender,53.60.102.174
651,Maryrose,Woolatt,mwoolatti2@example.com,Genderfluid,146.245.241.159
652,Ester,Bulger,ebulgeri3@ycombinator.com,Genderfluid,173.208.14.58
653,Quentin,Croisdall,qcroisdalli4@engadget.com,Agender,9.7.140.116
654,Tallie,Broadbear,tbroadbeari5@jalbum.net,Genderqueer,36.34.156.166
655,Conney,Dodwell,cdodwelli6@usda.gov,Non-binary,71.38.111.44
656,Brew,Kembley,bkembleyi7@mapy.cz,Male,132.137.12.124
657,Christean,McCandless,cmccandlessi8@skyrock.com,Female,61.240.168.177
658,Celestyn,Spondley,cspondleyi9@feedburner.com,Male,63.185.130.164
659,Waylon,Ogger,woggeria@usda.gov,Polygender,189.9.200.161
660,Maren,Hadlow,mhadlowib@chronoengine.com,Bigender,187.127.195.25
661,Lorita,Shoubridge,lshoubridgeic@upenn.edu,Non-binary,214.225.26.123
662,Edward,Storrock,estorrockid@wikia.com,Agender,24.187.148.150
663,Sophi,Daughtrey,sdaughtreyie@sourceforge.net,Polygender,209.98.61.230
664,Irma,MacLese,imacleseif@bloglines.com,Female,225.189.211.125
665,Hebert,Tremethack,htremethackig@wufoo.com,Male,147.240.159.234
666,Frederigo,Thorlby,fthorlbyih@about.com,Bigender,29.24.175.166
667,Carlita,Morton,cmortonii@un.org,Non-binary,225.32.181.140
668,Yvonne,Robens,yrobensij@businesswire.com,Genderfluid,240.129.38.73
669,Baily,Mirando,bmirandoik@people.com.cn,Bigender,111.148.149.187
670,Farah,McSpirron,fmcspirronil@pinterest.com,Female,89.236.101.70
671,Burr,Large,blargeim@taobao.com,Male,246.96.192.23
672,Adelina,Giacomi,agiacomiin@last.fm,Male,151.232.209.109
673,Lyndy,Keattch,lkeattchio@hhs.gov,Genderfluid,132.115.132.206
674,Kerrill,Kybert,kkybertip@pbs.org,Bigender,42.122.11.60
675,Helaine,Jowitt,hjowittiq@time.com,Genderqueer,0.26.103.7
676,Peta,Bagnal,pbagnalir@google.nl,Female,135.93.113.158
677,Lonnie,Dymock,ldymockis@yellowbook.com,Male,249.224.151.43
678,Dot,Avramovsky,davramovskyit@shinystat.com,Male,163.69.97.156
679,Darci,Dispencer,ddispenceriu@ft.com,Bigender,41.218.15.109
680,Cally,Lampkin,clampkiniv@mediafire.com,Polygender,6.15.216.92
681,Leigh,Hierro,lhierroiw@usda.gov,Agender,163.6.74.206
682,Alisha,Feldstern,afeldsternix@eepurl.com,Agender,253.47.41.44
683,Alden,Etheredge,aetheredgeiy@sun.com,Male,185.9.202.112
684,Holmes,Olufsen,holufseniz@abc.net.au,Polygender,138.27.253.239
685,Jerrilyn,Bysouth,jbysouthj0@home.pl,Genderqueer,228.122.79.88
686,Emalia,Macci,emaccij1@usda.gov,Non-binary,13.15.44.57
687,Perry,Broster,pbrosterj2@trellian.com,Agender,220.186.28.82
688,Trudy,Lanchester,tlanchesterj3@usatoday.com,Bigender,47.114.166.183
689,Guendolen,Mahy,gmahyj4@issuu.com,Male,6.108.127.195
690,Anabal,Tunmore,atunmorej5@trellian.com,Genderqueer,170.193.57.192
691,Felipe,Cirlos,fcirlosj6@walmart.com,Genderfluid,38.18.101.164
692,Andy,Kuller,akullerj7@tinypic.com,Non-binary,31.83.101.242
693,Vanda,Kleinber,vkleinberj8@china.com.cn,Female,135.99.179.3
694,Deane,Esley,desleyj9@sogou.com,Genderqueer,241.15.58.213
695,Ulric,Pilkington,upilkingtonja@amazon.de,Non-binary,92.92.68.225
696,Klara,Zanetto,kzanettojb@foxnews.com,Non-binary,102.204.48.199
697,Elmo,Sumshon,esumshonjc@webs.com,Male,139.12.76.248
698,Michel,Reedshaw,mreedshawjd@multiply.com,Genderqueer,37.124.34.100
699,Monique,Dimanche,mdimancheje@usatoday.com,Male,155.77.31.244
700,Allissa,Newiss,anewissjf@yale.edu,Female,217.153.56.9
701,Stefan,Valentinetti,svalentinettijg@admin.ch,Female,137.38.121.28
702,Maynard,Vowells,mvowellsjh@qq.com,Female,69.84.193.117
703,Nelia,Kroch,nkrochji@t-online.de,Female,121.11.49.80
704,Lawrence,Niles,lnilesjj@prweb.com,Female,23.104.65.123
705,Osborn,Chalker,ochalkerjk@redcross.org,Agender,58.70.93.109
706,Marita,Coneybeer,mconeybeerjl@youtu.be,Polygender,131.134.170.245
707,Muhammad,Bruins,mbruinsjm@behance.net,Male,39.185.166.125
708,Filberte,Mallinar,fmallinarjn@amazonaws.com,Genderqueer,111.241.126.228
709,Kate,Durdy,kdurdyjo@tinypic.com,Genderqueer,51.121.43.246
710,Cecil,Killock,ckillockjp@guardian.co.uk,Female,63.185.12.240
711,Seymour,Cantle,scantlejq@nbcnews.com,Female,200.26.45.94
712,Tannie,Merwood,tmerwoodjr@foxnews.com,Polygender,99.10.215.99
713,Shina,Bettenson,sbettensonjs@posterous.com,Male,25.158.16.152
714,Toni,Dorwood,tdorwoodjt@hatena.ne.jp,Bigender,211.62.163.205
715,Mercy,Olivazzi,molivazziju@spotify.com,Male,144.124.245.42
716,Sarene,Peterffy,speterffyjv@qq.com,Bigender,0.142.11.130
717,Florenza,Mabbs,fmabbsjw@netvibes.com,Genderqueer,184.16.0.111
718,Jewel,Stork,jstorkjx@amazon.com,Male,104.93.173.71
719,Brigham,Dovidaitis,bdovidaitisjy@scribd.com,Non-binary,28.109.183.235
720,Jasmin,Worvill,jworvilljz@opera.com,Genderfluid,109.163.52.169
721,Elene,Luffman,eluffmank0@java.com,Polygender,154.92.192.5
722,Norene,Galier,ngalierk1@goo.gl,Agender,80.186.249.170
723,Brooks,Stirzaker,bstirzakerk2@multiply.com,Polygender,86.227.162.32
724,Eddie,Plumptre,eplumptrek3@csmonitor.com,Non-binary,121.114.226.153
725,Krisha,Sperring,ksperringk4@vk.com,Non-binary,217.201.63.167
726,Reuben,Heam,rheamk5@scribd.com,Bigender,30.133.231.72
727,Etti,MacSweeney,emacsweeneyk6@va.gov,Non-binary,191.248.139.179
728,Lucine,Biles,lbilesk7@upenn.edu,Agender,40.95.33.203
729,Avis,Bilson,abilsonk8@biblegateway.com,Bigender,155.30.75.194
730,Etan,Milsted,emilstedk9@pen.io,Female,213.240.48.8
731,Orbadiah,Cuerda,ocuerdaka@uiuc.edu,Genderfluid,50.248.59.234
732,Elliot,Partkya,epartkyakb@examiner.com,Agender,33.101.250.240
733,Lenore,Ungerecht,lungerechtkc@msu.edu,Agender,205.10.197.108
734,Kora,Kummerlowe,kkummerlowekd@army.mil,Agender,144.86.32.103
735,Lauren,Cornelius,lcorneliuske@free.fr,Female,115.78.97.82
736,Gilbert,Cranstoun,gcranstounkf@pagesperso-orange.fr,Bigender,71.61.173.73
737,Ruddy,Woodroofe,rwoodroofekg@deviantart.com,Agender,119.9.146.165
738,Neville,Sally,nsallykh@disqus.com,Female,213.58.195.203
739,Cyndia,Spiller,cspillerki@photobucket.com,Male,15.110.252.166
740,Teodoro,Joplin,tjoplinkj@walmart.com,Male,26.128.228.100
741,Mortimer,Gilphillan,mgilphillankk@patch.com,Female,69.149.100.169
742,Emmott,Wheelwright,ewheelwrightkl@php.net,Female,255.122.217.6
743,Honor,Kinnie,hkinniekm@51.la,Non-binary,199.55.85.82
744,Erena,Castellani,ecastellanikn@miibeian.gov.cn,Male,172.213.221.41
745,Rudolfo,Petruszka,rpetruszkako@blogs.com,Genderfluid,255.16.53.185
746,Addison,Soar,asoarkp@cafepress.com,Bigender,106.248.215.166
747,Camellia,Atchly,catchlykq@arizona.edu,Bigender,155.177.179.165
748,Basia,Ewer,bewerkr@sohu.com,Agender,240.148.65.109
749,Arliene,Dmisek,admisekks@xinhuanet.com,Non-binary,60.85.171.176
750,Carmelia,Toopin,ctoopinkt@360.cn,Bigender,109.67.109.220
751,Marco,Janicek,mjanicekku@myspace.com,Female,190.77.65.60
752,Griswold,Manclark,gmanclarkkv@blinklist.com,Agender,5.139.47.70
753,Tracee,Cordelet,tcordeletkw@weebly.com,Genderqueer,248.87.167.151
754,Felicle,Finnis,ffinniskx@typepad.com,Agender,28.41.10.62
755,Edythe,Harkess,eharkessky@economist.com,Agender,124.70.214.216
756,Ann-marie,Castard,acastardkz@smh.com.au,Non-binary,21.38.252.70
757,Judah,Holde,jholdel0@timesonline.co.uk,Male,251.90.100.155
758,Sonja,Fargher,sfargherl1@cmu.edu,Female,249.182.149.130
759,Garnet,Hailes,ghailesl2@indiatimes.com,Polygender,181.237.171.243
760,Warden,Hansod,whansodl3@4shared.com,Non-binary,226.55.170.29
761,Borg,Jacox,bjacoxl4@facebook.com,Male,67.141.200.202
762,Neill,Gounet,ngounetl5@samsung.com,Non-binary,58.49.212.224
763,Flore,Le Marquand,flemarquandl6@jalbum.net,Bigender,203.73.5.81
764,Brynn,Skipping,bskippingl7@simplemachines.org,Bigender,139.99.192.140
765,Zack,Reicharz,zreicharzl8@infoseek.co.jp,Non-binary,222.49.229.157
766,Basil,Duprey,bdupreyl9@amazon.de,Female,30.100.64.56
767,Abigail,Walcot,awalcotla@timesonline.co.uk,Male,83.186.212.198
768,Elisha,Pibworth,epibworthlb@baidu.com,Non-binary,49.174.178.173
769,Saxe,Govett,sgovettlc@jiathis.com,Bigender,12.214.91.229
770,Elsy,Beasant,ebeasantld@google.it,Polygender,35.146.10.243
771,Darcie,Gress,dgressle@nyu.edu,Genderfluid,153.130.186.54
772,Mirelle,Heatherington,mheatheringtonlf@360.cn,Male,96.118.7.22
773,Shalom,Byart,sbyartlg@hhs.gov,Female,169.102.197.65
774,Kendre,McCarthy,kmccarthylh@miibeian.gov.cn,Genderqueer,6.66.157.46
775,Ivett,Presho,ipresholi@flavors.me,Genderfluid,147.56.108.42
776,Kerk,Treadger,ktreadgerlj@canalblog.com,Bigender,142.11.11.19
777,Dimitri,Scrafton,dscraftonlk@yale.edu,Bigender,34.7.102.92
778,Cristie,Champain,cchampainll@tmall.com,Polygender,31.103.75.92
779,Laird,Bedell,lbedelllm@yale.edu,Female,73.222.218.222
780,Joice,Lasslett,jlasslettln@home.pl,Genderqueer,142.45.55.165
781,Rachel,Gatherell,rgatherelllo@goodreads.com,Female,138.130.141.144
782,Ashton,Catlette,acatlettelp@vinaora.com,Polygender,108.207.162.7
783,Doro,Guiet,dguietlq@time.com,Bigender,139.91.224.195
784,Lars,Taillant,ltaillantlr@prnewswire.com,Genderfluid,98.37.13.241
785,Newton,Boness,nbonessls@netscape.com,Agender,150.8.66.107
786,Stephanie,Fossord,sfossordlt@businessinsider.com,Agender,92.166.159.96
787,Howie,Locker,hlockerlu@umn.edu,Polygender,113.33.13.155
788,Daveen,Giblett,dgiblettlv@sohu.com,Bigender,199.104.99.170
789,Valentia,Crossland,vcrosslandlw@people.com.cn,Non-binary,222.121.187.228
790,Webster,Nestoruk,wnestoruklx@newyorker.com,Non-binary,252.206.89.111
791,Hubey,Haddy,hhaddyly@google.com,Polygender,100.97.148.183
792,Glenn,Verden,gverdenlz@japanpost.jp,Polygender,3.7.29.99
793,Winnifred,Thridgould,wthridgouldm0@cnbc.com,Polygender,154.132.42.176
794,Shell,Kobpac,skobpacm1@google.cn,Non-binary,216.69.188.32
795,Cilka,Curro,ccurrom2@state.tx.us,Genderqueer,117.52.194.210
796,Lyn,Poulson,lpoulsonm3@bloglovin.com,Agender,136.21.229.248
797,Valli,Lapre,vlaprem4@list-manage.com,Bigender,87.200.211.241
798,Vitia,Pearsall,vpearsallm5@harvard.edu,Agender,183.203.100.221
799,Idalina,Smullen,ismullenm6@sun.com,Agender,220.49.247.31
800,Daveta,Lovegrove,dlovegrovem7@sohu.com,Male,49.120.248.187
801,Raye,Chalkly,rchalklym8@people.com.cn,Bigender,122.30.231.7
802,Linell,Wissby,lwissbym9@weather.com,Polygender,242.22.6.205
803,Field,Pauncefort,fpauncefortma@ovh.net,Agender,142.5.130.177
804,Donalt,Hammor,dhammormb@wikipedia.org,Polygender,123.88.172.245
805,Hilarius,Height,hheightmc@weather.com,Agender,247.151.121.178
806,Scarlett,Steeden,ssteedenmd@va.gov,Genderqueer,127.249.160.109
807,Lamar,Menezes,lmenezesme@trellian.com,Agender,17.23.205.49
808,Tiffanie,Rentcome,trentcomemf@prweb.com,Polygender,47.115.133.80
809,Clari,Buttress,cbuttressmg@theglobeandmail.com,Agender,74.188.175.186
810,Ellie,Eles,eelesmh@sfgate.com,Bigender,253.176.141.81
811,Tomasina,Portman,tportmanmi@pbs.org,Polygender,148.51.55.32
812,Jemmy,Ughini,jughinimj@mozilla.com,Agender,44.137.157.34
813,Matteo,Helgass,mhelgassmk@freewebs.com,Polygender,225.176.153.27
814,Megen,Kernermann,mkernermannml@networkadvertising.org,Genderfluid,29.4.81.239
815,Ezequiel,Hartzogs,ehartzogsmm@indiegogo.com,Non-binary,202.148.64.70
816,Hamlin,Abercrombie,habercrombiemn@loc.gov,Agender,208.196.21.143
817,Noak,Restall,nrestallmo@storify.com,Genderfluid,178.177.213.43
818,Yvor,Bourcq,ybourcqmp@mozilla.org,Agender,112.120.142.134
819,Roddy,Betho,rbethomq@facebook.com,Male,242.69.44.238
820,Nolly,Anfusso,nanfussomr@gnu.org,Non-binary,237.6.193.84
821,Inez,Denson,idensonms@digg.com,Non-binary,110.183.121.52
822,Roselle,Shenton,rshentonmt@tinyurl.com,Male,144.23.172.175
823,Leticia,Zecchini,lzecchinimu@desdev.cn,Female,26.225.214.100
824,Misty,O'Hegertie,mohegertiemv@mlb.com,Genderqueer,111.19.232.241
825,Pablo,Lambertazzi,plambertazzimw@ifeng.com,Genderqueer,206.194.175.168
826,Karie,Witherow,kwitherowmx@shareasale.com,Female,82.200.57.216
827,Rodrique,Malletratt,rmalletrattmy@netvibes.com,Bigender,90.189.129.228
828,Von,Crawshaw,vcrawshawmz@wiley.com,Genderqueer,13.166.120.113
829,Mayer,Flagg,mflaggn0@qq.com,Non-binary,1.131.79.2
830,Onfre,Navein,onaveinn1@nydailynews.com,Genderqueer,27.148.192.65
831,Devonne,Eburne,deburnen2@toplist.cz,Genderqueer,99.109.20.214
832,Deanna,Hembery,dhemberyn3@cbsnews.com,Genderfluid,118.104.85.158
833,Emlyn,Grant,egrantn4@woothemes.com,Female,174.95.250.142
834,Wilmer,Quesne,wquesnen5@washington.edu,Agender,201.31.202.82
835,Flora,Malcolm,fmalcolmn6@posterous.com,Female,73.28.90.255
836,Rafa,Szanto,rszanton7@harvard.edu,Non-binary,43.94.90.48
837,Ester,Scammell,escammelln8@jalbum.net,Polygender,4.181.183.36
838,Patrice,Gother,pgothern9@networksolutions.com,Genderqueer,195.226.118.27
839,Abbey,Loosmore,aloosmorena@cpanel.net,Male,134.36.157.239
840,Bobbie,Mortel,bmortelnb@imdb.com,Agender,192.214.124.163
841,Kaila,Earry,kearrync@ycombinator.com,Female,40.244.81.226
842,Etan,Francisco,efranciscond@wordpress.com,Non-binary,102.186.198.128
843,Clarisse,Hartland,chartlandne@ihg.com,Genderfluid,157.81.66.202
844,Avrit,Kingshott,akingshottnf@pagesperso-orange.fr,Female,245.62.40.173
845,Henderson,Lalor,hlalorng@spotify.com,Polygender,164.43.135.18
846,Solomon,Girton,sgirtonnh@washingtonpost.com,Non-binary,124.205.29.176
847,Angel,Melluish,amelluishni@house.gov,Bigender,34.2.116.38
848,Demetris,Queripel,dqueripelnj@mapy.cz,Non-binary,179.137.8.70
849,Sylas,Glowinski,sglowinskink@wsj.com,Female,17.203.115.233
850,Stacee,Morpeth,smorpethnl@who.int,Non-binary,15.107.214.26
851,Quinn,Fulker,qfulkernm@sbwire.com,Male,177.8.149.159
852,Kerr,Double,kdoublenn@uol.com.br,Bigender,1.241.118.110
853,Datha,Grieveson,dgrievesonno@economist.com,Female,98.6.49.183
854,Sarette,Irvine,sirvinenp@joomla.org,Genderfluid,223.143.12.85
855,Jobie,Bradnick,jbradnicknq@bizjournals.com,Agender,234.186.177.154
856,Ursuline,Ketteringham,uketteringhamnr@blogtalkradio.com,Agender,148.253.165.168
857,Alphonse,Cray,acrayns@ask.com,Polygender,151.207.59.102
858,Christi,Leverich,cleverichnt@umn.edu,Agender,207.246.226.225
859,Victoir,Bleasby,vbleasbynu@wsj.com,Genderqueer,212.160.166.71
860,Chloette,Timlin,ctimlinnv@telegraph.co.uk,Female,9.37.38.133
861,Tresa,Aleavy,taleavynw@clickbank.net,Genderqueer,21.84.32.102
862,Griffie,Wilmore,gwilmorenx@ftc.gov,Bigender,103.48.90.224
863,Sandie,Pledge,spledgeny@cisco.com,Agender,227.176.145.117
864,Keriann,Malletratt,kmalletrattnz@goo.gl,Male,133.219.149.214
865,Allayne,Taunton,atauntono0@hc360.com,Bigender,200.244.176.135
866,Debra,Sweet,dsweeto1@unesco.org,Bigender,89.188.109.202
867,Moreen,O'Halleghane,mohalleghaneo2@hao123.com,Agender,204.212.142.173
868,Nissy,Wellum,nwellumo3@pcworld.com,Agender,127.145.185.82
869,Johnathon,Raun,jrauno4@people.com.cn,Agender,130.165.117.239
870,Base,Hurich,bhuricho5@mediafire.com,Female,1.92.251.174
871,Anabella,Sprigings,asprigingso6@istockphoto.com,Polygender,5.171.59.16
872,Chiquita,Spawforth,cspawfortho7@artisteer.com,Male,133.216.69.117
873,Laina,Creese,lcreeseo8@hhs.gov,Polygender,22.4.38.215
874,Lawrence,Arnholdt,larnholdto9@indiatimes.com,Polygender,171.75.121.61
875,Francisco,Yeldham,fyeldhamoa@t.co,Female,161.241.104.64
876,Chane,Bicksteth,cbickstethob@fastcompany.com,Genderfluid,232.183.175.223
877,Blaire,Feldheim,bfeldheimoc@uol.com.br,Male,88.27.50.211
878,Norine,Taffrey,ntaffreyod@va.gov,Polygender,248.167.187.53
879,Patrick,ffrench Beytagh,pffrenchbeytaghoe@gizmodo.com,Polygender,135.138.0.159
880,Marwin,Hugnin,mhugninof@google.ca,Genderqueer,47.171.159.220
881,Deirdre,Boulter,dboulterog@craigslist.org,Bigender,2.6.10.31
882,Oliver,Ebenezer,oebenezeroh@meetup.com,Female,210.194.20.46
883,Laura,Binnall,lbinnalloi@livejournal.com,Female,113.97.7.147
884,Cris,Donoghue,cdonoghueoj@wufoo.com,Bigender,146.87.176.172
885,Feliks,Forrest,fforrestok@canalblog.com,Agender,124.144.189.197
886,Maxwell,Seine,mseineol@apache.org,Genderqueer,188.111.247.74
887,Lawrence,Brice,lbriceom@toplist.cz,Non-binary,43.176.54.220
888,Leslie,Gipson,lgipsonon@umn.edu,Genderqueer,223.98.103.167
889,Hamilton,Goadby,hgoadbyoo@usnews.com,Bigender,198.46.37.178
890,Emmerich,Moff,emoffop@blinklist.com,Agender,208.168.237.92
891,Brande,Repp,breppoq@epa.gov,Bigender,157.188.120.187
892,Rosetta,Puckett,rpuckettor@dedecms.com,Polygender,246.237.203.154
893,Arlin,Hemerijk,ahemerijkos@nydailynews.com,Agender,137.221.42.220
894,Briant,Candwell,bcandwellot@apache.org,Agender,206.62.144.192
895,Davidde,Vlies,dvliesou@bing.com,Polygender,175.155.195.177
896,Cleon,Segrott,csegrottov@furl.net,Bigender,171.54.97.70
897,Leesa,Crippen,lcrippenow@51.la,Polygender,184.6.43.68
898,Bliss,Lethieulier,blethieulierox@geocities.jp,Non-binary,27.194.188.157
899,Justus,McKinnon,jmckinnonoy@weebly.com,Female,47.115.30.19
900,Edmon,Ferrettino,eferrettinooz@virginia.edu,Genderqueer,87.138.10.0
901,Vonni,Tysack,vtysackp0@ehow.com,Polygender,252.159.123.137
902,Henka,Schultheiss,hschultheissp1@rakuten.co.jp,Genderqueer,186.227.194.196
903,Templeton,Pashby,tpashbyp2@tuttocitta.it,Male,203.225.193.210
904,Meaghan,Gregorio,mgregoriop3@godaddy.com,Genderqueer,90.80.102.81
905,Dulcy,Jaggi,djaggip4@wisc.edu,Genderqueer,8.87.137.241
906,Claudio,Tomankowski,ctomankowskip5@chronoengine.com,Male,229.0.221.84
907,Benedikt,Enocksson,benockssonp6@msn.com,Genderfluid,53.61.193.132
908,Mab,Croose,mcroosep7@live.com,Female,198.35.209.197
909,Reinaldo,Dowdam,rdowdamp8@epa.gov,Male,110.246.155.204
910,Nevins,Shalliker,nshallikerp9@tinypic.com,Polygender,130.231.38.85
911,Beatrisa,Pottle,bpottlepa@opera.com,Genderqueer,69.236.171.118
912,Doretta,Havard,dhavardpb@skype.com,Agender,118.218.75.247
913,Fields,Kedslie,fkedsliepc@home.pl,Non-binary,45.41.33.195
914,Glory,Spencock,gspencockpd@nasa.gov,Bigender,124.81.187.203
915,Sargent,Rowlson,srowlsonpe@google.de,Agender,0.13.56.143
916,Sophie,Pinchin,spinchinpf@paginegialle.it,Bigender,177.111.110.40
917,Larissa,Slowgrove,lslowgrovepg@wordpress.org,Agender,184.24.99.77
918,Eben,Capewell,ecapewellph@histats.com,Male,121.71.127.53
919,Lazarus,Oels,loelspi@businesswire.com,Agender,240.172.98.79
920,Norri,Booton,nbootonpj@histats.com,Polygender,201.210.209.176
921,Leeann,Dumbarton,ldumbartonpk@drupal.org,Bigender,156.58.20.48
922,Gerald,McGrath,gmcgrathpl@apple.com,Agender,178.203.107.35
923,Coralyn,Collinge,ccollingepm@ed.gov,Polygender,27.76.62.80
924,Araldo,Storah,astorahpn@salon.com,Genderfluid,145.107.98.216
925,Heath,Eloi,heloipo@gov.uk,Genderfluid,45.231.131.106
926,Bernardine,Dionisio,bdionisiopp@google.com.br,Genderfluid,108.117.52.99
927,Randy,Kynvin,rkynvinpq@godaddy.com,Genderqueer,52.211.55.110
928,Ealasaid,Bleue,ebleuepr@parallels.com,Non-binary,171.22.49.185
929,Derril,Davidzon,ddavidzonps@irs.gov,Male,215.244.120.225
930,Devin,Lerer,dlererpt@howstuffworks.com,Non-binary,44.180.95.77
931,Jyoti,Condon,jcondonpu@indiegogo.com,Female,35.183.10.53
932,Ly,Durtnall,ldurtnallpv@devhub.com,Genderqueer,165.165.237.71
933,Abramo,Bathurst,abathurstpw@oaic.gov.au,Polygender,0.30.152.40
934,Tracee,Hurdwell,thurdwellpx@mapy.cz,Genderqueer,35.226.235.250
935,Bond,Weald,bwealdpy@springer.com,Male,166.37.190.234
936,Lenna,Whifen,lwhifenpz@alibaba.com,Male,127.223.148.144
937,Shirline,Eburah,seburahq0@51.la,Genderqueer,95.74.164.186
938,Patricia,Larway,plarwayq1@flickr.com,Non-binary,170.174.93.47
939,Tobias,Wildor,twildorq2@google.co.uk,Genderfluid,223.186.167.43
940,Liesa,Staff,lstaffq3@sohu.com,Genderfluid,194.183.47.0
941,Horten,Hance,hhanceq4@netlog.com,Female,226.209.88.254
942,Alayne,Moulsdall,amoulsdallq5@bloglines.com,Genderqueer,125.249.238.232
943,Martina,Hacun,mhacunq6@who.int,Bigender,42.202.94.56
944,Romain,Yapp,ryappq7@washington.edu,Female,7.207.145.211
945,Gavrielle,Wadforth,gwadforthq8@census.gov,Bigender,167.58.223.12
946,Ardra,Saph,asaphq9@tumblr.com,Agender,23.60.137.155
947,Ruy,Bittany,rbittanyqa@skype.com,Bigender,113.60.142.10
948,Josepha,Brisson,jbrissonqb@marketwatch.com,Female,218.235.67.93
949,Hasty,McCudden,hmccuddenqc@umich.edu,Male,252.183.38.88
950,Gert,Mutter,gmutterqd@who.int,Polygender,153.113.85.141
951,Jedediah,Arpur,jarpurqe@shareasale.com,Genderfluid,249.213.133.51
952,Lina,Hinge,lhingeqf@ft.com,Non-binary,185.9.217.136
953,Rollins,Kuhlen,rkuhlenqg@yelp.com,Genderfluid,48.221.19.139
954,Errick,Gorman,egormanqh@home.pl,Polygender,186.118.134.70
955,Thom,Brane,tbraneqi@ehow.com,Polygender,255.176.57.4
956,Laurette,Vasechkin,lvasechkinqj@mapquest.com,Non-binary,9.126.98.67
957,Raimundo,Capell,rcapellqk@ucsd.edu,Genderqueer,214.165.65.158
958,Guinna,Kidson,gkidsonql@noaa.gov,Genderqueer,181.61.151.157
959,Stefania,Dawe,sdaweqm@weather.com,Genderqueer,168.212.6.25
960,Dorey,Andor,dandorqn@independent.co.uk,Female,44.143.185.114
961,Gerrie,Wevell,gwevellqo@addtoany.com,Agender,95.12.74.19
962,Lazare,Dietmar,ldietmarqp@who.int,Genderqueer,145.80.0.125
963,Dorette,Millican,dmillicanqq@last.fm,Genderfluid,174.89.136.228
964,Cyrill,Valek,cvalekqr@nyu.edu,Male,39.207.187.119
965,Enrica,Fritschmann,efritschmannqs@over-blog.com,Polygender,38.8.38.210
966,Meggie,Harrow,mharrowqt@cnn.com,Genderqueer,233.64.214.67
967,Uri,Maudson,umaudsonqu@cafepress.com,Non-binary,205.107.30.6
968,Amos,Sheerman,asheermanqv@yale.edu,Male,210.64.22.58
969,Deane,Morshead,dmorsheadqw@hao123.com,Genderfluid,7.171.62.40
970,Pascale,Drane,pdraneqx@youtu.be,Genderqueer,206.28.73.235
971,Mina,Toothill,mtoothillqy@forbes.com,Agender,102.159.123.238
972,Guglielma,Mobius,gmobiusqz@php.net,Agender,7.190.172.45
973,Dulci,Lavall,dlavallr0@jimdo.com,Bigender,232.6.159.52
974,Laurie,Sneddon,lsneddonr1@economist.com,Non-binary,247.44.148.28
975,Fae,Rheaume,frheaumer2@eepurl.com,Genderfluid,149.75.108.13
976,Wylma,Lyles,wlylesr3@soup.io,Polygender,64.84.191.5
977,Marie-jeanne,Coushe,mcousher4@wsj.com,Genderqueer,88.14.141.48
978,Kalvin,Barsam,kbarsamr5@paypal.com,Polygender,91.8.63.59
979,Bellina,Orris,borrisr6@apple.com,Polygender,38.95.218.52
980,Mace,Follin,mfollinr7@blogs.com,Genderqueer,229.183.206.254
981,Darb,Rougier,drougierr8@nydailynews.com,Male,145.240.248.224
982,Dorene,Worland,dworlandr9@barnesandnoble.com,Non-binary,139.160.86.38
983,Evangeline,Izakov,eizakovra@psu.edu,Bigender,43.77.95.11
984,Derrick,Rogeon,drogeonrb@ezinearticles.com,Male,9.87.133.96
985,Pierrette,Gamblin,pgamblinrc@eepurl.com,Genderqueer,66.189.163.5
986,Alanson,Chellam,achellamrd@google.pl,Genderfluid,19.250.66.243
987,Ansell,Bolter,abolterre@163.com,Female,105.131.255.110
988,Lisbeth,Pyford,lpyfordrf@over-blog.com,Bigender,41.165.82.5
989,Hulda,Drew-Clifton,hdrewcliftonrg@unesco.org,Bigender,89.135.138.196
990,Dacia,Tuffley,dtuffleyrh@cbc.ca,Genderqueer,180.217.216.100
991,Benedetto,Gamlin,bgamlinri@independent.co.uk,Female,196.183.136.150
992,Gabey,Lapidus,glapidusrj@hao123.com,Polygender,28.79.5.252
993,Petra,Donat,pdonatrk@utexas.edu,Non-binary,151.83.104.219
994,Clemmy,Lardner,clardnerrl@mayoclinic.com,Polygender,169.210.208.123
995,Lek,Batchelder,lbatchelderrm@exblog.jp,Non-binary,72.166.27.178
996,William,Ogus,wogusrn@1und1.de,Polygender,109.150.124.172
997,Reilly,Sephton,rsephtonro@blogspot.com,Genderfluid,33.133.250.8
998,Eberto,Dawnay,edawnayrp@goodreads.com,Agender,192.245.250.219
999,Christoper,Sein,cseinrq@blog.com,Agender,182.16.139.165
1000,Ariel,Greenalf,agreenalfrr@github.io,Agender,174.150.30.91
