id,first_name,last_name,email,gender,ip_address
1,Paxton,Burdoun,pburdoun0@google.com.br,Non-binary,34.200.139.178
2,Doria,Larciere,dlarciere1@foxnews.com,Genderqueer,137.46.228.234
3,Skipper,Fillery,sfillery2@plala.or.jp,Female,17.160.16.111
4,Kristoffer,Bettenson,kbettenson3@canalblog.com,Non-binary,24.158.59.221
5,Merry,Swadon,mswadon4@umich.edu,Female,23.44.91.28
6,Reggi,Alston,ralston5@google.com.br,Agender,157.206.111.132
7,Jimmy,Erasmus,jerasmus6@answers.com,Male,143.161.157.119
8,Myca,Claypool,mclaypool7@privacy.gov.au,Agender,101.98.186.171
9,Susie,Tomaszynski,stomaszynski8@163.com,Bigender,187.159.38.40
10,Mischa,Goreway,mgoreway9@squidoo.com,Female,41.176.207.93
11,Giraud,Causer,gcausera@bing.com,Genderqueer,189.17.0.173
12,Loralie,Petegre,lpetegreb@phpbb.com,Polygender,16.12.53.14
13,Jennine,Gregersen,jgregersenc@utexas.edu,Genderfluid,113.202.243.190
14,Bartolomeo,Wallenger,bwallengerd@amazon.co.uk,Genderfluid,153.42.232.70
15,Renate,Petrashkov,rpetrashkove@ca.gov,Genderqueer,113.22.40.16
16,Selene,Gillatt,sgillattf@intel.com,Polygender,255.223.39.236
17,Nap,Wegman,nwegmang@moonfruit.com,Genderqueer,122.112.159.37
18,Kevin,Torfin,ktorfinh@studiopress.com,Male,48.32.23.121
19,Therine,Liger,tligeri@fda.gov,Genderqueer,146.88.97.95
20,Cozmo,Mettericke,cmetterickej@cocolog-nifty.com,Polygender,218.198.114.154
21,Zara,Mingey,zmingeyk@constantcontact.com,Genderqueer,98.225.161.160
22,Sander,Malatalant,smalatalantl@gizmodo.com,Male,251.69.20.90
23,Even,Phillipps,ephillippsm@paginegialle.it,Genderqueer,44.203.95.210
24,Anita,Frankiss,afrankissn@slate.com,Non-binary,147.104.235.133
25,Edgardo,Hamnet,ehamneto@tripod.com,Non-binary,131.251.54.180
26,Myrlene,Whyborn,mwhybornp@guardian.co.uk,Genderqueer,14.224.169.30
27,Woody,Bartle,wbartleq@ca.gov,Bigender,38.196.40.163
28,Friedrich,Goade,fgoader@themeforest.net,Agender,9.210.133.235
29,Virginia,Weyman,vweymans@indiegogo.com,Bigender,196.39.32.160
30,Frank,Okroy,fokroyt@reddit.com,Polygender,148.154.233.250
31,Ellary,Feaks,efeaksu@princeton.edu,Polygender,18.11.48.182
32,Saba,Cleynman,scleynmanv@miibeian.gov.cn,Bigender,150.214.2.228
33,Carmencita,Dirkin,cdirkinw@ucoz.com,Male,18.196.66.106
34,Caesar,Halse,chalsex@economist.com,Female,200.133.148.133
35,Egon,Glastonbury,eglastonburyy@netlog.com,Bigender,155.60.92.201
36,Jeromy,Phillis,jphillisz@topsy.com,Polygender,60.15.139.146
37,Mano,Currey,mcurrey10@examiner.com,Agender,175.110.222.28
38,Kevin,Doe,kdoe11@toplist.cz,Genderfluid,45.145.25.197
39,Gussie,Ewebank,gewebank12@nhs.uk,Non-binary,135.97.47.112
40,Andie,Pestricke,apestricke13@utexas.edu,Genderqueer,170.69.139.135
41,Barbaraanne,Marchington,bmarchington14@ocn.ne.jp,Female,233.98.55.91
42,Jo ann,Beste,jbeste15@usnews.com,Agender,230.120.236.80
43,Cori,Cubin,ccubin16@skyrock.com,Genderfluid,11.216.33.29
44,Ashlie,Overell,aoverell17@naver.com,Genderfluid,180.152.8.152
45,Erina,Groveham,egroveham18@4shared.com,Agender,111.183.101.12
46,Brennen,Shackelton,bshackelton19@wordpress.com,Bigender,223.88.47.172
47,Patrick,Bront,pbront1a@netvibes.com,Agender,80.131.186.32
48,Tiertza,Ivanonko,tivanonko1b@ow.ly,Male,126.189.155.62
49,Darrin,Pauluzzi,dpauluzzi1c@dmoz.org,Genderfluid,205.216.1.81
50,Stavro,Trivett,strivett1d@posterous.com,Genderfluid,130.7.4.195
51,Brendis,Malling,bmalling1e@fda.gov,Male,163.108.58.243
52,Dorene,McKeevers,dmckeevers1f@ning.com,Genderfluid,224.104.121.245
53,Rutledge,Randleson,rrandleson1g@issuu.com,Male,73.185.82.52
54,Haydon,Dufaire,hdufaire1h@vimeo.com,Agender,139.218.217.74
55,Hall,Kinson,hkinson1i@ft.com,Male,210.159.4.137
56,Anabel,O' Faherty,aofaherty1j@ovh.net,Non-binary,18.226.80.55
57,Ginni,Ellin,gellin1k@issuu.com,Female,237.9.104.119
58,Wenonah,Jane,wjane1l@myspace.com,Agender,101.113.53.53
59,Honoria,Boanas,hboanas1m@mozilla.org,Polygender,147.141.55.150
60,Norine,Kaine,nkaine1n@spotify.com,Agender,213.51.217.190
61,Fletch,Rudall,frudall1o@alibaba.com,Polygender,15.111.43.146
62,Addie,Maffini,amaffini1p@booking.com,Non-binary,63.143.85.11
63,Elnar,Allaker,eallaker1q@squarespace.com,Polygender,225.251.143.88
64,Cornell,Buckley,cbuckley1r@dailymail.co.uk,Genderfluid,85.5.75.176
65,Neill,Shaddick,nshaddick1s@qq.com,Genderfluid,21.115.9.48
66,Cherish,Quantick,cquantick1t@networksolutions.com,Agender,113.195.250.36
67,Dayle,Dinesen,ddinesen1u@arstechnica.com,Non-binary,215.52.133.85
68,Orlando,Varga,ovarga1v@skyrock.com,Female,88.224.228.4
69,Bryant,McKune,bmckune1w@ovh.net,Agender,160.177.24.60
70,Inigo,Grooby,igrooby1x@nih.gov,Non-binary,91.121.78.254
71,Eberto,McGilben,emcgilben1y@jalbum.net,Genderfluid,92.102.203.190
72,Josias,Welman,jwelman1z@hexun.com,Genderqueer,18.2.101.24
73,Gram,Mathewes,gmathewes20@bluehost.com,Female,204.150.93.33
74,Andreas,Hessenthaler,ahessenthaler21@linkedin.com,Genderqueer,159.136.214.251
75,Lorrie,Minihan,lminihan22@cloudflare.com,Polygender,33.134.193.230
76,Bradly,Leavey,bleavey23@webeden.co.uk,Male,37.191.255.92
77,Egon,Ofield,eofield24@alexa.com,Male,228.223.29.160
78,Kilian,MacDougal,kmacdougal25@indiatimes.com,Female,197.96.206.191
79,Constancia,Fraschini,cfraschini26@t-online.de,Genderfluid,130.208.74.161
80,Corey,Darrigoe,cdarrigoe27@businessinsider.com,Agender,51.121.245.169
81,Beatriz,Semorad,bsemorad28@who.int,Non-binary,173.252.155.108
82,Jandy,Inchcomb,jinchcomb29@rambler.ru,Genderfluid,226.148.46.165
83,Ariel,Habershon,ahabershon2a@nifty.com,Female,78.49.157.40
84,Karoline,Polfer,kpolfer2b@wordpress.com,Genderqueer,216.199.247.10
85,Korry,Densie,kdensie2c@prweb.com,Polygender,98.122.90.116
86,Julie,Stroban,jstroban2d@tripod.com,Male,246.201.34.102
87,Dorthea,Lorenzo,dlorenzo2e@wisc.edu,Bigender,226.219.144.51
88,Sergeant,Surgey,ssurgey2f@youku.com,Polygender,199.142.87.219
89,Hynda,Bohlens,hbohlens2g@marketwatch.com,Non-binary,30.227.81.212
90,Fitzgerald,Eastup,feastup2h@tripadvisor.com,Genderfluid,4.120.0.83
91,Randolf,Kenyam,rkenyam2i@a8.net,Female,105.254.11.2
92,Freddy,Pharo,fpharo2j@buzzfeed.com,Genderfluid,48.221.166.160
93,Kain,Fattorini,kfattorini2k@google.pl,Bigender,40.250.212.9
94,Chadwick,Austin,caustin2l@icio.us,Female,98.92.7.182
95,Katrine,Devanny,kdevanny2m@jigsy.com,Female,221.143.90.166
96,Dolley,Selburn,dselburn2n@deviantart.com,Genderqueer,138.93.79.123
97,Jeanna,D'eye,jdeye2o@bravesites.com,Genderqueer,91.215.87.96
98,Valeria,Hultberg,vhultberg2p@deviantart.com,Male,190.156.68.178
99,Merilee,Roglieri,mroglieri2q@sciencedaily.com,Genderfluid,16.240.44.70
100,Lynne,Cosgrive,lcosgrive2r@google.nl,Polygender,160.133.166.9
101,Nicky,Cornuau,ncornuau2s@joomla.org,Genderfluid,131.60.244.144
102,Lanny,Jakubovitch,ljakubovitch2t@photobucket.com,Male,157.220.193.129
103,Orran,Tinkham,otinkham2u@nytimes.com,Female,95.176.148.119
104,Dennie,Murricanes,dmurricanes2v@nytimes.com,Genderfluid,73.237.120.162
105,Luise,Zotto,lzotto2w@stumbleupon.com,Genderfluid,72.27.149.60
106,Dominick,Gittose,dgittose2x@networksolutions.com,Non-binary,62.70.214.196
107,Marjy,Kingett,mkingett2y@epa.gov,Male,6.198.0.1
108,Ardene,Grout,agrout2z@foxnews.com,Agender,104.235.102.64
109,Amby,Gabby,agabby30@addthis.com,Female,228.0.49.102
110,Dannie,Dorset,ddorset31@twitpic.com,Genderqueer,185.68.155.148
111,Northrop,Elland,nelland32@baidu.com,Genderqueer,87.177.67.109
112,Roobbie,Hardington,rhardington33@com.com,Agender,82.154.168.59
113,Madonna,Plackstone,mplackstone34@nba.com,Male,4.108.115.218
114,Babs,Keith,bkeith35@yale.edu,Polygender,196.165.122.53
115,Randolph,Hurd,rhurd36@ca.gov,Agender,158.55.185.92
116,Ulises,Say,usay37@accuweather.com,Non-binary,238.196.10.45
117,Lacey,Morena,lmorena38@jalbum.net,Genderqueer,1.121.119.83
118,Man,Dioniso,mdioniso39@cyberchimps.com,Genderqueer,9.178.228.60
119,Jose,Feenan,jfeenan3a@vimeo.com,Polygender,120.45.120.127
120,Ximenez,Yter,xyter3b@bandcamp.com,Bigender,186.250.13.125
121,Suzie,Schrieves,sschrieves3c@livejournal.com,Non-binary,241.246.30.132
122,Chrystel,Gascoine,cgascoine3d@google.com,Polygender,53.253.10.216
123,Zia,Broadnicke,zbroadnicke3e@privacy.gov.au,Male,197.199.95.93
124,Korney,Rodenhurst,krodenhurst3f@cnbc.com,Bigender,225.214.51.18
125,Davine,Swindle,dswindle3g@delicious.com,Genderfluid,165.238.87.57
126,Rafi,McNern,rmcnern3h@wsj.com,Genderfluid,68.154.187.253
127,Zacharia,Simmings,zsimmings3i@imageshack.us,Bigender,88.15.218.89
128,Kassie,Ruttgers,kruttgers3j@bandcamp.com,Genderfluid,37.73.38.128
129,Krystal,Sturton,ksturton3k@ow.ly,Non-binary,40.24.31.187
130,Justinn,Harvison,jharvison3l@blogtalkradio.com,Male,170.123.181.250
131,Mickie,Cummins,mcummins3m@infoseek.co.jp,Bigender,11.255.13.240
132,Nettle,Ghelardoni,nghelardoni3n@stanford.edu,Genderfluid,34.122.25.208
133,Diane-marie,Fawson,dfawson3o@wufoo.com,Genderqueer,10.228.192.39
134,Chelsey,Spat,cspat3p@google.ca,Agender,247.0.234.224
135,Brocky,Iacobassi,biacobassi3q@printfriendly.com,Polygender,80.67.156.25
136,Arni,Powlett,apowlett3r@i2i.jp,Male,245.108.239.138
137,Ariana,Belson,abelson3s@furl.net,Genderfluid,109.211.154.121
138,Astra,Trigwell,atrigwell3t@amazon.co.uk,Male,130.169.182.69
139,Cathryn,Plitz,cplitz3u@japanpost.jp,Genderqueer,252.72.183.246
140,Dulce,Glasebrook,dglasebrook3v@utexas.edu,Agender,212.49.56.74
141,Ulrika,Morling,umorling3w@acquirethisname.com,Genderqueer,253.94.159.112
142,Callida,Bengefield,cbengefield3x@cocolog-nifty.com,Polygender,222.172.218.216
143,Sal,Hunnicutt,shunnicutt3y@netscape.com,Bigender,221.123.210.18
144,Mufinella,Pandya,mpandya3z@yolasite.com,Genderqueer,134.232.158.79
145,Reinaldo,Hawkwood,rhawkwood40@soup.io,Agender,189.231.119.49
146,Jacklin,Shildrick,jshildrick41@sciencedaily.com,Female,188.55.166.29
147,Brita,Chell,bchell42@gizmodo.com,Bigender,118.156.201.42
148,Kendell,Tirkin,ktirkin43@ycombinator.com,Polygender,85.32.199.155
149,Esdras,Durkin,edurkin44@oracle.com,Non-binary,242.231.33.3
150,Morly,Wheeler,mwheeler45@quantcast.com,Male,0.42.77.164
151,Cass,Sudworth,csudworth46@craigslist.org,Agender,85.136.99.73
152,Marika,Wedon,mwedon47@reference.com,Male,139.135.159.201
153,Brnaby,Kobu,bkobu48@umich.edu,Male,66.28.85.97
154,Ric,Mount,rmount49@prlog.org,Polygender,94.229.183.114
155,Jae,Dashwood,jdashwood4a@noaa.gov,Polygender,102.99.54.106
156,Malinda,Jerdein,mjerdein4b@tiny.cc,Polygender,24.73.139.255
157,Lennie,Gerault,lgerault4c@ucsd.edu,Genderqueer,27.215.27.153
158,Kim,Trembath,ktrembath4d@aboutads.info,Polygender,248.106.71.246
159,Ashlen,Berzin,aberzin4e@cafepress.com,Male,113.29.6.51
160,Nathalia,Stygall,nstygall4f@1und1.de,Polygender,251.227.78.162
161,Miles,Grzeskowski,mgrzeskowski4g@moonfruit.com,Female,136.145.110.179
162,Kassi,Verrills,kverrills4h@desdev.cn,Bigender,253.172.140.123
163,Trixie,Melton,tmelton4i@linkedin.com,Genderfluid,131.197.14.187
164,Sabina,Bardwell,sbardwell4j@chicagotribune.com,Agender,96.87.177.120
165,Clementia,Jarlmann,cjarlmann4k@4shared.com,Bigender,188.87.202.175
166,Francis,Maddocks,fmaddocks4l@java.com,Polygender,20.41.182.25
167,Rodi,Stores,rstores4m@foxnews.com,Genderfluid,199.138.11.35
168,Byrom,Routhorn,brouthorn4n@slideshare.net,Polygender,146.187.128.47
169,Ondrea,Davidovici,odavidovici4o@naver.com,Polygender,208.173.151.253
170,Karlis,Blunt,kblunt4p@nba.com,Female,249.43.213.154
171,Chickie,Tiler,ctiler4q@paginegialle.it,Bigender,160.30.148.155
172,Foster,Peye,fpeye4r@apple.com,Bigender,212.76.127.125
173,Darla,Dicey,ddicey4s@histats.com,Polygender,61.13.33.247
174,Wilone,Fison,wfison4t@1und1.de,Genderfluid,219.215.139.168
175,Gal,Erley,gerley4u@netvibes.com,Bigender,19.160.28.36
176,Chris,Casassa,ccasassa4v@redcross.org,Non-binary,136.218.248.32
177,Diena,Tilzey,dtilzey4w@gizmodo.com,Female,128.129.18.142
178,Lissy,Causby,lcausby4x@edublogs.org,Male,175.9.25.120
179,Tedmund,Caig,tcaig4y@sakura.ne.jp,Genderqueer,8.242.160.139
180,Win,Bittlestone,wbittlestone4z@yolasite.com,Agender,61.212.52.194
181,Marlane,Lesmonde,mlesmonde50@linkedin.com,Male,33.131.50.251
182,Emalee,Matuska,ematuska51@livejournal.com,Male,71.40.218.28
183,Patrice,Fippe,pfippe52@sourceforge.net,Polygender,11.63.208.249
184,June,Goodright,jgoodright53@i2i.jp,Agender,127.4.38.23
185,Kathi,Atcock,katcock54@patch.com,Male,39.119.241.210
186,Fan,Kenchington,fkenchington55@about.com,Agender,74.218.79.146
187,Blisse,Blazdell,bblazdell56@nba.com,Bigender,67.8.224.244
188,Garv,Navaro,gnavaro57@jalbum.net,Female,230.126.12.131
189,Candide,Foxten,cfoxten58@pcworld.com,Bigender,212.185.239.78
190,Rutherford,Paley,rpaley59@upenn.edu,Agender,80.99.134.119
191,Jasmina,de Bullion,jdebullion5a@mozilla.org,Male,217.141.242.198
192,Dottie,Tort,dtort5b@go.com,Agender,255.57.11.206
193,Dasha,Slimm,dslimm5c@miitbeian.gov.cn,Genderfluid,82.135.193.148
194,Gisele,Hulls,ghulls5d@europa.eu,Male,247.212.210.232
195,Kurt,Buck,kbuck5e@paginegialle.it,Genderfluid,55.68.23.174
196,Raddy,Featenby,rfeatenby5f@cnn.com,Non-binary,34.169.84.32
197,Even,Tooley,etooley5g@skyrock.com,Genderqueer,59.154.30.21
198,Athena,Davidescu,adavidescu5h@sourceforge.net,Female,164.33.201.21
199,Dominic,Book,dbook5i@admin.ch,Bigender,158.11.49.179
200,Serene,Monget,smonget5j@printfriendly.com,Non-binary,202.59.129.184
201,Scarface,Murthwaite,smurthwaite5k@sitemeter.com,Polygender,239.60.232.69
202,Colby,Bick,cbick5l@soundcloud.com,Genderqueer,68.132.151.184
203,Archibold,Andrzejak,aandrzejak5m@slideshare.net,Agender,84.129.69.85
204,Ian,Ingilson,iingilson5n@wikimedia.org,Genderqueer,219.195.117.112
205,Kelley,Brunroth,kbrunroth5o@typepad.com,Female,24.127.48.71
206,Dedra,Garlick,dgarlick5p@weather.com,Agender,37.250.185.27
207,Georgianna,Gott,ggott5q@shareasale.com,Agender,122.117.98.249
208,Marcile,Rosencrantz,mrosencrantz5r@skype.com,Non-binary,174.102.60.145
209,Rivkah,Golden,rgolden5s@shareasale.com,Genderqueer,124.130.78.25
210,Midge,Hair,mhair5t@uol.com.br,Polygender,125.119.104.146
211,Bethanne,Maffi,bmaffi5u@google.it,Bigender,106.155.160.115
212,Merry,Brewster,mbrewster5v@google.cn,Female,74.151.184.123
213,Dolores,Sherborn,dsherborn5w@cocolog-nifty.com,Male,6.27.178.23
214,Marrissa,Giacoppo,mgiacoppo5x@sitemeter.com,Polygender,136.82.35.62
215,Colet,Priddy,cpriddy5y@gravatar.com,Female,77.106.111.255
216,Ardeen,Dallaway,adallaway5z@miibeian.gov.cn,Genderfluid,128.234.14.160
217,Kailey,Skeete,kskeete60@technorati.com,Bigender,48.112.91.225
218,Gretal,Ansty,gansty61@webnode.com,Polygender,44.232.139.236
219,Stuart,Vanes,svanes62@google.co.uk,Agender,202.151.28.5
220,Karita,Going,kgoing63@blogspot.com,Agender,86.78.89.63
221,Hillyer,McMeekin,hmcmeekin64@arstechnica.com,Male,152.165.150.180
222,Lauren,Dodswell,ldodswell65@sina.com.cn,Genderfluid,100.40.87.120
223,Roxanne,Brushneen,rbrushneen66@bbb.org,Genderqueer,15.206.125.88
224,Ortensia,Griffith,ogriffith67@tamu.edu,Male,174.174.165.247
225,Kim,Boucher,kboucher68@feedburner.com,Agender,105.208.15.185
226,Amargo,Parrish,aparrish69@techcrunch.com,Non-binary,58.166.244.32
227,Viviene,Robecon,vrobecon6a@go.com,Agender,195.141.199.176
228,Teodoor,Levesque,tlevesque6b@skyrock.com,Agender,19.66.41.55
229,Christean,Tolworthy,ctolworthy6c@yellowpages.com,Agender,185.120.145.17
230,Coop,Ricks,cricks6d@fotki.com,Non-binary,89.63.19.203
231,Stanton,Waliszek,swaliszek6e@scribd.com,Bigender,6.64.24.113
232,Kingsly,Manwaring,kmanwaring6f@free.fr,Genderqueer,111.18.48.83
233,Crissy,Scruby,cscruby6g@odnoklassniki.ru,Female,77.185.138.12
234,Culley,Hauxby,chauxby6h@nba.com,Male,135.230.49.217
235,Baxie,Tomasini,btomasini6i@psu.edu,Bigender,179.245.181.190
236,Jaimie,Boreham,jboreham6j@nba.com,Agender,235.105.149.216
237,Klemens,Verdun,kverdun6k@creativecommons.org,Genderqueer,179.116.134.216
238,Carl,Andreoletti,candreoletti6l@soup.io,Bigender,226.228.130.41
239,Gray,Withrop,gwithrop6m@constantcontact.com,Bigender,149.175.180.203
240,Lilyan,Center,lcenter6n@berkeley.edu,Female,198.217.207.177
241,Christye,Georgiades,cgeorgiades6o@epa.gov,Non-binary,225.165.133.100
242,Cristie,Spread,cspread6p@japanpost.jp,Agender,41.111.107.127
243,Floria,Betton,fbetton6q@unicef.org,Male,193.239.90.109
244,Skyler,Nail,snail6r@nifty.com,Agender,196.10.236.82
245,Chucho,Blanc,cblanc6s@nytimes.com,Bigender,56.99.89.107
246,Tomi,Nellis,tnellis6t@surveymonkey.com,Agender,254.254.76.31
247,Reginald,Francioli,rfrancioli6u@chron.com,Non-binary,95.224.110.4
248,Bentley,Swatheridge,bswatheridge6v@cafepress.com,Genderfluid,245.192.252.168
249,Sheela,Meekins,smeekins6w@hao123.com,Female,46.31.179.246
250,Claudius,Tremayne,ctremayne6x@fc2.com,Polygender,1.56.1.43
251,Natasha,Durtnal,ndurtnal6y@unesco.org,Bigender,113.99.247.116
252,Rikki,Linnett,rlinnett6z@springer.com,Bigender,162.90.208.8
253,Kristy,Beininck,kbeininck70@sohu.com,Agender,248.111.158.129
254,Desdemona,Banville,dbanville71@loc.gov,Non-binary,219.160.222.138
255,Hale,Shirer,hshirer72@ameblo.jp,Male,57.184.222.242
256,Lulita,Whissell,lwhissell73@google.es,Genderfluid,95.156.104.11
257,Bucky,Fairbrace,bfairbrace74@wikimedia.org,Polygender,134.230.232.193
258,Meriel,Tennison,mtennison75@gizmodo.com,Polygender,98.254.6.251
259,Marni,Troni,mtroni76@facebook.com,Polygender,205.170.88.161
260,Maggi,Hursey,mhursey77@nifty.com,Agender,154.123.86.6
261,Celina,Hairon,chairon78@freewebs.com,Polygender,153.174.35.119
262,Chryste,Guerner,cguerner79@soup.io,Agender,76.16.222.198
263,Cortie,Axston,caxston7a@slideshare.net,Female,152.21.54.78
264,Dedie,Mc Kellen,dmckellen7b@eventbrite.com,Bigender,192.120.168.8
265,Vanya,Coggeshall,vcoggeshall7c@hexun.com,Non-binary,210.185.48.112
266,Bartolomeo,Fernez,bfernez7d@list-manage.com,Agender,161.121.76.105
267,Darb,Waterworth,dwaterworth7e@amazon.de,Genderqueer,177.189.226.167
268,Shaylynn,Jollye,sjollye7f@t-online.de,Agender,125.113.25.79
269,Amberly,Colman,acolman7g@forbes.com,Genderfluid,117.9.228.139
270,Othilia,Hartshorn,ohartshorn7h@tmall.com,Genderfluid,141.92.14.11
271,Winslow,Krienke,wkrienke7i@alibaba.com,Bigender,252.135.25.20
272,Glory,Kindread,gkindread7j@squidoo.com,Bigender,68.20.206.40
273,Clark,Sparks,csparks7k@omniture.com,Genderfluid,2.185.164.149
274,Evyn,Ridge,eridge7l@bigcartel.com,Polygender,22.38.61.33
275,Berne,Bridgwood,bbridgwood7m@geocities.jp,Female,90.88.124.214
276,Roselle,Cupper,rcupper7n@indiatimes.com,Agender,145.194.249.233
277,Lefty,Shearman,lshearman7o@reference.com,Bigender,236.39.249.111
278,Shanon,Chang,schang7p@ucsd.edu,Female,49.106.54.87
279,Deeyn,Langhor,dlanghor7q@mysql.com,Genderqueer,182.39.135.225
280,Cristionna,Fronzek,cfronzek7r@ask.com,Non-binary,54.184.74.182
281,Johan,Simond,jsimond7s@canalblog.com,Bigender,26.242.239.80
282,Joyce,Workes,jworkes7t@sciencedaily.com,Female,28.16.208.7
283,Adelina,Brownsill,abrownsill7u@google.ru,Non-binary,191.126.114.46
284,Merrill,Hakes,mhakes7v@nps.gov,Male,222.195.90.72
285,Francklin,Kuller,fkuller7w@cmu.edu,Female,34.181.168.135
286,Darci,Francello,dfrancello7x@indiegogo.com,Bigender,29.48.7.121
287,Matias,Oliphard,moliphard7y@nps.gov,Genderfluid,210.118.39.90
288,Linn,Leverette,lleverette7z@google.ru,Genderfluid,99.252.178.59
289,Gretta,Muir,gmuir80@google.de,Genderfluid,98.144.57.222
290,Leonerd,Shelf,lshelf81@salon.com,Polygender,165.210.242.17
291,Barde,Doudney,bdoudney82@t.co,Agender,31.181.85.141
292,Rachael,Lestor,rlestor83@jiathis.com,Bigender,55.245.131.160
293,Torr,Gundry,tgundry84@webnode.com,Genderqueer,110.76.115.40
294,Guglielmo,Hanretty,ghanretty85@wufoo.com,Genderqueer,145.41.75.39
295,Allyn,Worton,aworton86@joomla.org,Bigender,17.110.171.50
296,Luther,Calrow,lcalrow87@theglobeandmail.com,Non-binary,176.49.139.109
297,Penelope,Rushbrooke,prushbrooke88@bandcamp.com,Genderfluid,231.52.114.151
298,Corbin,Gebhard,cgebhard89@pagesperso-orange.fr,Bigender,95.165.176.7
299,Stearne,McAneny,smcaneny8a@toplist.cz,Genderfluid,69.189.171.141
300,Bard,Giercke,bgiercke8b@loc.gov,Female,182.25.63.236
301,Johny,Flux,jflux8c@paginegialle.it,Genderqueer,243.8.193.175
302,Vincenty,Dummer,vdummer8d@apache.org,Genderqueer,210.120.220.95
303,Rogerio,Kingsnod,rkingsnod8e@newsvine.com,Female,242.127.220.30
304,Gui,Reagan,greagan8f@ted.com,Genderqueer,107.153.199.212
305,Ally,Brookesbie,abrookesbie8g@marketwatch.com,Polygender,56.121.9.105
306,Catarina,Nutbrown,cnutbrown8h@csmonitor.com,Genderfluid,23.84.9.76
307,King,Lemmer,klemmer8i@epa.gov,Genderqueer,98.164.133.8
308,Reidar,Hamill,rhamill8j@squidoo.com,Female,125.120.44.31
309,Booth,Birnie,bbirnie8k@mapy.cz,Non-binary,194.135.71.100
310,Geri,O Mullen,gomullen8l@ovh.net,Male,228.222.132.130
311,Luigi,McIlriach,lmcilriach8m@unc.edu,Non-binary,188.1.233.183
312,Kalila,Quoit,kquoit8n@aboutads.info,Genderqueer,251.202.133.136
313,Van,Bartolini,vbartolini8o@liveinternet.ru,Polygender,60.25.57.159
314,Ginevra,Loachhead,gloachhead8p@mlb.com,Polygender,160.220.57.241
315,Davie,Straw,dstraw8q@domainmarket.com,Genderfluid,3.102.22.27
316,Ellissa,Dericut,edericut8r@spotify.com,Polygender,15.146.151.74
317,Willa,MacPhee,wmacphee8s@newyorker.com,Agender,49.188.84.30
318,Cooper,Waddie,cwaddie8t@oaic.gov.au,Non-binary,112.241.140.46
319,Richardo,Ryce,rryce8u@unblog.fr,Polygender,96.154.37.33
320,Elston,Mowle,emowle8v@yahoo.com,Non-binary,229.236.150.110
321,Mari,Muncey,mmuncey8w@ibm.com,Genderfluid,32.70.153.210
322,Marcelia,Sibery,msibery8x@weather.com,Non-binary,238.30.128.200
323,Diena,Bahde,dbahde8y@dedecms.com,Agender,216.246.163.208
324,Annaliese,Bradwell,abradwell8z@latimes.com,Male,99.42.28.179
325,Son,Winsbury,swinsbury90@4shared.com,Agender,248.84.63.143
326,Catarina,Shapcote,cshapcote91@hao123.com,Genderqueer,99.152.247.233
327,Vincents,Bowkley,vbowkley92@people.com.cn,Bigender,68.38.55.254
328,Cherin,Raitt,craitt93@ovh.net,Bigender,208.130.143.135
329,Brose,Shenfish,bshenfish94@smh.com.au,Male,83.117.88.60
330,Rozanne,Frankcom,rfrankcom95@creativecommons.org,Genderfluid,173.253.183.122
331,Kort,Truelock,ktruelock96@wisc.edu,Genderqueer,66.135.255.24
332,Mirabel,Stern,mstern97@cloudflare.com,Agender,186.227.65.232
333,Renard,Iliff,riliff98@cmu.edu,Male,121.158.219.118
334,Lara,Caulcutt,lcaulcutt99@xinhuanet.com,Non-binary,156.4.91.122
335,Glendon,Kiely,gkiely9a@harvard.edu,Agender,149.245.41.35
336,Cherice,Horney,chorney9b@wisc.edu,Genderfluid,10.183.211.194
337,Chan,Hoggan,choggan9c@ed.gov,Male,50.160.89.217
338,Lanna,Levick,llevick9d@cdbaby.com,Polygender,134.36.11.72
339,Trenna,Van Hove,tvanhove9e@cafepress.com,Genderqueer,207.245.116.217
340,Collin,Scollick,cscollick9f@microsoft.com,Agender,50.237.147.95
341,Gustavo,Olligan,golligan9g@sphinn.com,Non-binary,73.6.44.222
342,Giuditta,Grigoli,ggrigoli9h@google.com,Genderfluid,37.84.152.156
343,Gordon,Kuschel,gkuschel9i@ow.ly,Agender,203.65.80.5
344,Rodd,Trussler,rtrussler9j@nifty.com,Agender,99.29.19.143
345,Dana,Jewster,djewster9k@e-recht24.de,Non-binary,93.93.112.199
346,Leticia,Semple,lsemple9l@mozilla.com,Polygender,20.22.224.145
347,Roberto,Fullager,rfullager9m@google.com.hk,Female,27.245.149.93
348,Davidde,Symers,dsymers9n@adobe.com,Male,206.0.118.196
349,Goraud,Ovendale,govendale9o@studiopress.com,Polygender,52.228.46.17
350,Cly,Vint,cvint9p@blog.com,Agender,224.120.146.124
351,Sharity,MacDonald,smacdonald9q@army.mil,Non-binary,109.29.200.185
352,Doretta,Cluett,dcluett9r@tuttocitta.it,Agender,75.44.159.230
353,Drucill,Fairbairn,dfairbairn9s@ovh.net,Genderfluid,30.114.205.123
354,Loren,Kohlert,lkohlert9t@cocolog-nifty.com,Non-binary,96.147.13.179
355,Keelby,Kynder,kkynder9u@mediafire.com,Bigender,71.137.170.170
356,Jsandye,Rendle,jrendle9v@dell.com,Bigender,126.57.228.245
357,Albina,Mack,amack9w@mozilla.com,Genderfluid,101.231.5.54
358,Jessee,Bartolomeoni,jbartolomeoni9x@imdb.com,Non-binary,66.30.122.180
359,Barnie,Jorg,bjorg9y@imdb.com,Male,132.249.242.41
360,Josephina,Ghion,jghion9z@etsy.com,Genderqueer,10.219.96.151
361,Derrick,Bearward,dbearwarda0@discovery.com,Bigender,244.158.22.231
362,Astrid,Binney,abinneya1@utexas.edu,Genderfluid,7.16.173.31
363,Delly,Cullnean,dcullneana2@ow.ly,Bigender,184.187.135.200
364,Tonia,Sellan,tsellana3@miibeian.gov.cn,Genderfluid,188.141.198.165
365,Lavena,Gilbody,lgilbodya4@toplist.cz,Bigender,243.12.63.29
366,Rose,Aslott,raslotta5@dedecms.com,Polygender,6.66.109.236
367,Antonius,Fullerton,afullertona6@w3.org,Agender,130.238.235.222
368,Boycie,Bellinger,bbellingera7@tripadvisor.com,Bigender,141.13.188.141
369,Dennet,Curdell,dcurdella8@netlog.com,Genderqueer,235.103.165.134
370,Celia,Westcott,cwestcotta9@blog.com,Genderfluid,35.188.231.48
371,Meade,Sorrell,msorrellaa@europa.eu,Female,198.187.126.109
372,Velma,Winterburn,vwinterburnab@sohu.com,Genderfluid,47.59.67.2
373,Edita,Shephard,eshephardac@hostgator.com,Non-binary,103.246.186.84
374,Scottie,Belleny,sbellenyad@harvard.edu,Genderfluid,63.23.217.250
375,Sapphira,Burnie,sburnieae@freewebs.com,Female,124.125.29.151
376,Gar,Graybeal,ggraybealaf@ifeng.com,Male,85.167.133.92
377,Ainsley,Reggiani,areggianiag@domainmarket.com,Genderqueer,122.24.181.61
378,Paulina,Semaine,psemaineah@eventbrite.com,Genderfluid,224.44.190.200
379,Eugenio,Stenton,estentonai@purevolume.com,Male,240.149.228.139
380,Channa,Haire,chaireaj@ycombinator.com,Genderfluid,148.44.165.44
381,Marinna,Ismead,mismeadak@google.es,Male,139.149.19.24
382,Gaye,Nulty,gnultyal@amazon.com,Bigender,114.112.171.92
383,Alvina,Weatherhill,aweatherhillam@netlog.com,Non-binary,154.51.126.163
384,Lev,Waszkiewicz,lwaszkiewiczan@yellowbook.com,Genderqueer,138.181.73.243
385,Frederick,Perchard,fperchardao@umich.edu,Bigender,251.191.53.209
386,Normie,Dennes,ndennesap@utexas.edu,Agender,173.16.228.220
387,Stinky,Ruckhard,sruckhardaq@wordpress.org,Genderfluid,47.91.231.6
388,Jodi,Guilliatt,jguilliattar@cnn.com,Non-binary,111.107.37.77
389,Emery,Huller,ehulleras@google.com.hk,Bigender,94.111.24.96
390,Legra,Pearsall,lpearsallat@trellian.com,Non-binary,213.39.17.184
391,Eugen,Lamplugh,elamplughau@imgur.com,Genderfluid,198.122.5.55
392,Emlyn,Lardeur,elardeurav@cmu.edu,Genderqueer,147.111.162.59
393,Aliza,Licence,alicenceaw@google.co.jp,Agender,103.185.87.201
394,Camel,Ovanesian,covanesianax@thetimes.co.uk,Agender,189.32.186.238
395,Orel,Poleye,opoleyeay@cnn.com,Genderqueer,92.11.210.112
396,Gordan,Garken,ggarkenaz@pinterest.com,Female,82.211.214.233
397,Charyl,Condy,ccondyb0@sphinn.com,Genderqueer,195.210.223.99
398,Erasmus,Quemby,equembyb1@mozilla.org,Female,183.164.56.217
399,Briggs,Shulver,bshulverb2@amazon.co.uk,Non-binary,183.47.7.189
400,Cissy,Joesbury,cjoesburyb3@youtu.be,Male,144.0.213.163
401,Pepita,Coulton,pcoultonb4@psu.edu,Bigender,185.125.204.253
402,Dot,Folkerts,dfolkertsb5@creativecommons.org,Genderfluid,221.144.12.252
403,Rowena,Boutflour,rboutflourb6@nationalgeographic.com,Polygender,61.74.5.162
404,Adelina,Grzesiak,agrzesiakb7@ibm.com,Male,202.254.220.139
405,Tamarah,McCutcheon,tmccutcheonb8@nhs.uk,Polygender,136.245.18.185
406,Helen,Makepeace,hmakepeaceb9@sogou.com,Genderqueer,88.20.39.7
407,Milka,MacGhee,mmacgheeba@cnn.com,Genderqueer,23.246.50.73
408,Perri,Ferenc,pferencbb@squidoo.com,Genderfluid,68.224.182.144
409,Paulina,Forward,pforwardbc@indiegogo.com,Genderfluid,33.74.48.246
410,Idalina,Hilling,ihillingbd@people.com.cn,Non-binary,83.142.81.78
411,Cletus,Larkby,clarkbybe@elpais.com,Female,253.220.109.78
412,Ham,Giacomo,hgiacomobf@alexa.com,Polygender,85.35.54.189
413,Stillman,Tuxwell,stuxwellbg@edublogs.org,Polygender,165.213.2.50
414,Jean,Garriock,jgarriockbh@engadget.com,Polygender,228.34.55.119
415,Hakeem,Coghill,hcoghillbi@pen.io,Male,24.211.166.221
416,Nicolas,Scothern,nscothernbj@unblog.fr,Male,33.80.204.13
417,Rozelle,Whitebrook,rwhitebrookbk@godaddy.com,Genderfluid,136.176.177.23
418,Arturo,Ayton,aaytonbl@weibo.com,Male,167.236.175.29
419,Estell,Ebbin,eebbinbm@homestead.com,Genderqueer,164.149.7.61
420,Gavin,Alban,galbanbn@samsung.com,Agender,60.164.199.41
421,Gare,Eydel,geydelbo@unicef.org,Agender,216.158.42.74
422,Elsie,Reast,ereastbp@discuz.net,Agender,155.32.140.161
423,Kylie,Thompkins,kthompkinsbq@reddit.com,Polygender,163.74.50.114
424,Laurent,Itzcak,litzcakbr@printfriendly.com,Genderfluid,226.188.99.16
425,Missie,Coneybeare,mconeybearebs@answers.com,Non-binary,238.227.182.236
426,Kelsi,Dilston,kdilstonbt@mtv.com,Male,18.251.131.52
427,Eal,Penley,epenleybu@yandex.ru,Female,132.173.26.137
428,Ambros,Hazle,ahazlebv@taobao.com,Female,129.62.122.42
429,Dana,Enoksson,denokssonbw@plala.or.jp,Polygender,184.14.23.215
430,Hillard,Lamborn,hlambornbx@shop-pro.jp,Bigender,78.229.253.164
431,Bond,Dysart,bdysartby@people.com.cn,Genderfluid,250.182.127.115
432,Sada,Ondricek,sondricekbz@soundcloud.com,Bigender,119.66.150.146
433,Gardie,Brandassi,gbrandassic0@globo.com,Agender,233.105.129.215
434,Waylen,O'Longain,wolongainc1@mediafire.com,Genderqueer,55.47.198.250
435,Dawna,Lowbridge,dlowbridgec2@soup.io,Bigender,42.228.163.126
436,Jess,Elliker,jellikerc3@sciencedaily.com,Polygender,2.145.82.199
437,Millicent,Riteley,mriteleyc4@un.org,Non-binary,168.7.103.156
438,Toddie,Gowrich,tgowrichc5@lulu.com,Bigender,47.170.7.190
439,Fionna,Conaghan,fconaghanc6@hubpages.com,Bigender,22.93.183.131
440,Nerty,Phonix,nphonixc7@washingtonpost.com,Male,225.247.97.79
441,Marcille,Batsford,mbatsfordc8@ycombinator.com,Genderfluid,78.237.63.204
442,Elise,Symcoxe,esymcoxec9@dell.com,Genderfluid,127.63.53.35
443,Elfrieda,Kelshaw,ekelshawca@usda.gov,Genderfluid,11.20.53.141
444,Eva,Tuckey,etuckeycb@dedecms.com,Genderfluid,34.33.141.144
445,Reinaldos,Hanney,rhanneycc@accuweather.com,Agender,76.56.86.191
446,Trudi,Pargetter,tpargettercd@51.la,Male,189.114.237.60
447,Renard,Resdale,rresdalece@xinhuanet.com,Female,182.30.0.137
448,Justis,Duxbarry,jduxbarrycf@a8.net,Non-binary,198.61.167.55
449,Saleem,Myrkus,smyrkuscg@furl.net,Female,50.197.82.64
450,Isac,Lipp,ilippch@mac.com,Female,137.97.189.80
451,Berna,Rogans,brogansci@barnesandnoble.com,Polygender,170.140.184.252
452,Dominic,Kelledy,dkelledycj@nasa.gov,Non-binary,243.204.225.153
453,Cathy,Romushkin,cromushkinck@unblog.fr,Bigender,142.151.160.84
454,Rafaello,Mabbitt,rmabbittcl@usnews.com,Non-binary,21.93.195.101
455,Mackenzie,Durling,mdurlingcm@blogger.com,Genderqueer,51.27.4.65
456,Lorry,Skep,lskepcn@chron.com,Genderfluid,63.0.199.133
457,Chandler,Warrell,cwarrellco@barnesandnoble.com,Agender,184.4.12.52
458,Susanna,Baigent,sbaigentcp@t-online.de,Genderqueer,20.246.112.220
459,Wes,Waldock,wwaldockcq@buzzfeed.com,Female,214.205.6.138
460,Gui,Boraston,gborastoncr@telegraph.co.uk,Bigender,7.81.251.245
461,Margarethe,Shobrook,mshobrookcs@icq.com,Bigender,135.94.119.20
462,Laird,Leverton,llevertonct@virginia.edu,Bigender,103.170.28.68
463,Thedrick,Alday,taldaycu@mail.ru,Polygender,109.145.71.58
464,Darby,Cheevers,dcheeverscv@sciencedaily.com,Genderfluid,198.4.201.44
465,Cathleen,Lockhurst,clockhurstcw@cargocollective.com,Polygender,73.132.13.111
466,Erasmus,Harris,eharriscx@nps.gov,Genderqueer,234.129.204.174
467,Boris,Styan,bstyancy@senate.gov,Genderqueer,236.61.45.4
468,Herold,Clyant,hclyantcz@deviantart.com,Polygender,199.139.122.88
469,Ros,Glede,rgleded0@barnesandnoble.com,Bigender,165.45.240.107
470,Brigitta,Maryet,bmaryetd1@posterous.com,Genderfluid,130.215.181.254
471,Trever,Toynbee,ttoynbeed2@uiuc.edu,Bigender,182.196.130.54
472,Riley,Guirardin,rguirardind3@adobe.com,Bigender,205.8.86.88
473,Patsy,Moggle,pmoggled4@independent.co.uk,Genderqueer,177.96.109.173
474,Avril,Garwood,agarwoodd5@google.com,Bigender,211.205.17.185
475,Rici,Crewdson,rcrewdsond6@home.pl,Bigender,97.11.192.214
476,Neala,Lasseter,nlasseterd7@scribd.com,Agender,252.125.86.48
477,Lancelot,De Santos,ldesantosd8@seesaa.net,Bigender,165.38.99.104
478,Heinrik,Lepard,hlepardd9@bing.com,Agender,117.185.70.113
479,Rozina,Finnick,rfinnickda@weather.com,Genderqueer,65.230.255.104
480,Bette,Norcliffe,bnorcliffedb@constantcontact.com,Genderqueer,157.14.208.148
481,Alessandra,Dalligan,adalligandc@issuu.com,Genderqueer,213.151.128.241
482,Jewell,Gonsalvo,jgonsalvodd@addtoany.com,Bigender,57.194.47.205
483,Roma,Yacob,ryacobde@abc.net.au,Genderqueer,31.196.202.192
484,Michaela,Walcher,mwalcherdf@howstuffworks.com,Agender,185.185.147.78
485,Normie,Oseland,noselanddg@myspace.com,Male,253.114.84.40
486,Eddi,Kingsnode,ekingsnodedh@vistaprint.com,Agender,58.23.148.75
487,Damaris,Pittoli,dpittolidi@woothemes.com,Polygender,63.127.52.9
488,Robbert,Dearl,rdearldj@time.com,Female,167.165.240.151
489,Ryun,Mellsop,rmellsopdk@wired.com,Non-binary,83.2.91.166
490,Ammamaria,Ferran,aferrandl@friendfeed.com,Genderqueer,3.12.117.15
491,Garrott,Jaquet,gjaquetdm@dot.gov,Genderqueer,162.13.123.84
492,Damian,Fairey,dfaireydn@dedecms.com,Non-binary,182.143.239.203
493,Cathe,Staunton,cstauntondo@pagesperso-orange.fr,Agender,80.63.107.6
494,Lilia,Paulot,lpaulotdp@flavors.me,Genderfluid,131.128.223.144
495,Felicio,Capun,fcapundq@1und1.de,Non-binary,65.88.184.226
496,Melamie,Espinos,mespinosdr@comsenz.com,Agender,40.105.20.86
497,Bessie,Soigne,bsoigneds@facebook.com,Agender,19.9.232.194
498,Boris,Gomez,bgomezdt@loc.gov,Bigender,193.129.216.174
499,Brande,O'Caherny,bocahernydu@bizjournals.com,Agender,152.138.172.23
500,Nathalie,Brooke,nbrookedv@hao123.com,Female,184.223.138.53
501,Rodge,Ticksall,rticksalldw@woothemes.com,Genderqueer,124.84.123.28
502,Valina,Bruhnke,vbruhnkedx@webnode.com,Genderfluid,170.49.172.38
503,Gianna,Riteley,griteleydy@edublogs.org,Genderqueer,255.201.137.25
504,Aluin,Arlett,aarlettdz@alexa.com,Genderfluid,101.40.176.148
505,Gigi,Madrell,gmadrelle0@businessweek.com,Polygender,169.30.26.120
506,Zabrina,Cockland,zcocklande1@mysql.com,Polygender,193.157.253.45
507,Ashbey,Biasotti,abiasottie2@fema.gov,Agender,152.53.222.59
508,Malinda,Setford,msetforde3@trellian.com,Female,232.46.67.194
509,Octavius,Leas,olease4@hibu.com,Genderfluid,149.112.234.26
510,Kate,Leyden,kleydene5@newyorker.com,Female,218.179.120.112
511,Hettie,Killen,hkillene6@hao123.com,Male,235.123.68.226
512,Shelden,Britch,sbritche7@nbcnews.com,Female,125.151.221.148
513,Michaelina,Brownill,mbrownille8@utexas.edu,Bigender,79.186.142.173
514,Maryl,Supple,msupplee9@stumbleupon.com,Genderfluid,66.156.86.193
515,Timmy,Gentery,tgenteryea@house.gov,Genderfluid,188.23.211.129
516,Nil,Amori,namorieb@theglobeandmail.com,Polygender,107.58.248.121
517,Far,Serle,fserleec@wunderground.com,Non-binary,136.246.51.172
518,Emmalynne,Simpkins,esimpkinsed@ocn.ne.jp,Female,186.66.232.253
519,Arvie,Playle,aplayleee@abc.net.au,Bigender,206.206.21.39
520,Barnabe,Leaburn,bleaburnef@themeforest.net,Female,137.114.76.132
521,Pip,Alessandrini,palessandrinieg@netvibes.com,Genderfluid,65.26.83.235
522,Sawyere,Center,scentereh@artisteer.com,Male,40.243.90.11
523,Beltran,Erridge,berridgeei@a8.net,Male,200.218.99.236
524,Joanie,Hatherall,jhatherallej@mayoclinic.com,Bigender,117.159.95.75
525,Zondra,Vink,zvinkek@usatoday.com,Bigender,56.180.215.4
526,Thedric,Kingstne,tkingstneel@ezinearticles.com,Male,248.163.232.49
527,Hatti,Eakins,heakinsem@jiathis.com,Genderfluid,142.207.12.97
528,Bjorn,Jacobowicz,bjacobowiczen@booking.com,Polygender,106.120.192.100
529,Elaine,Imlin,eimlineo@walmart.com,Polygender,124.34.57.205
530,Cobb,Cranton,ccrantonep@smh.com.au,Female,134.33.76.57
531,Pattin,Gladebeck,pgladebeckeq@uiuc.edu,Female,62.3.64.111
532,Nesta,Hurch,nhurcher@shareasale.com,Polygender,86.144.150.218
533,Jacob,Maciejewski,jmaciejewskies@ow.ly,Male,57.215.133.32
534,Tomasina,Aim,taimet@howstuffworks.com,Female,2.244.215.67
535,Caria,Burgen,cburgeneu@huffingtonpost.com,Agender,82.18.98.104
536,Lou,Orrett,lorrettev@webeden.co.uk,Polygender,173.80.66.77
537,Dougie,Rowen,drowenew@smh.com.au,Agender,240.176.209.193
538,Hagan,Simnell,hsimnellex@time.com,Agender,167.183.75.140
539,Alvinia,Bille,abilleey@csmonitor.com,Female,115.4.175.87
540,Tera,Burg,tburgez@sciencedirect.com,Bigender,127.182.69.5
541,Poppy,Oakman,poakmanf0@upenn.edu,Genderqueer,121.105.112.241
542,Marysa,Dollimore,mdollimoref1@github.com,Non-binary,13.17.4.103
543,Vincenty,Tortoise,vtortoisef2@microsoft.com,Genderfluid,131.60.230.0
544,Cally,Hyatt,chyattf3@ning.com,Bigender,190.94.76.158
545,Melitta,Bosenworth,mbosenworthf4@exblog.jp,Female,58.100.208.72
546,Deeanne,Bradford,dbradfordf5@clickbank.net,Agender,146.245.174.227
547,Trueman,Dyett,tdyettf6@tumblr.com,Non-binary,162.213.147.250
548,Granthem,MacAvddy,gmacavddyf7@addtoany.com,Female,71.197.236.26
549,Dunc,McLanachan,dmclanachanf8@over-blog.com,Genderqueer,71.89.227.142
550,Brandyn,Morfey,bmorfeyf9@wordpress.org,Polygender,164.219.140.134
551,Sioux,O'Sharkey,sosharkeyfa@biblegateway.com,Male,23.71.136.138
552,Lianna,Berrisford,lberrisfordfb@scribd.com,Polygender,174.57.229.215
553,Maximilian,Volkes,mvolkesfc@phpbb.com,Non-binary,23.128.199.236
554,Idaline,Fearney,ifearneyfd@histats.com,Agender,68.49.147.167
555,Krisha,Heak,kheakfe@smh.com.au,Agender,170.111.173.255
556,Annmarie,Mangeney,amangeneyff@diigo.com,Agender,210.252.67.55
557,Ysabel,Vynoll,yvynollfg@vk.com,Polygender,185.73.186.217
558,Wylie,Earlam,wearlamfh@fema.gov,Female,45.220.213.211
559,Brana,Ramberg,brambergfi@kickstarter.com,Male,88.212.108.205
560,Mireille,Tribell,mtribellfj@sohu.com,Male,7.85.161.197
561,Annamaria,Cackett,acackettfk@cocolog-nifty.com,Male,18.116.176.190
562,Sonny,Heyburn,sheyburnfl@noaa.gov,Bigender,86.123.7.22
563,Skell,Eagar,seagarfm@java.com,Polygender,152.97.126.123
564,Thibaut,Baughen,tbaughenfn@amazonaws.com,Agender,60.24.100.138
565,Salim,Beautyman,sbeautymanfo@fotki.com,Genderfluid,61.210.226.113
566,Ludovico,Wixon,lwixonfp@army.mil,Agender,254.239.227.211
567,Jonathon,Coryndon,jcoryndonfq@so-net.ne.jp,Female,97.73.248.99
568,Sol,Aronov,saronovfr@e-recht24.de,Female,14.115.222.9
569,Karole,Kynvin,kkynvinfs@bizjournals.com,Female,113.186.33.145
570,Vanny,Tarr,vtarrft@walmart.com,Agender,182.33.33.0
571,Elfrieda,Gibbins,egibbinsfu@oaic.gov.au,Non-binary,161.34.203.205
572,Cooper,Scola,cscolafv@slashdot.org,Agender,159.107.194.97
573,Dorey,Lebell,dlebellfw@state.tx.us,Genderfluid,164.12.96.40
574,Frazier,Radmore,fradmorefx@is.gd,Female,121.17.60.237
575,Pooh,Breakwell,pbreakwellfy@etsy.com,Male,104.143.6.130
576,Orran,Dowers,odowersfz@e-recht24.de,Bigender,125.114.127.25
577,Rolf,Wellen,rwelleng0@friendfeed.com,Agender,36.206.178.87
578,Abra,Schimaschke,aschimaschkeg1@taobao.com,Agender,99.67.23.251
579,Gaston,O'Corr,gocorrg2@com.com,Male,108.52.66.195
580,Jamie,MacVaugh,jmacvaughg3@telegraph.co.uk,Non-binary,166.195.109.137
581,Chandler,Winch,cwinchg4@boston.com,Non-binary,158.83.52.13
582,Griffin,Grenkov,ggrenkovg5@virginia.edu,Polygender,203.135.241.241
583,Basile,Hane,bhaneg6@mit.edu,Polygender,224.45.58.45
584,Levey,Perschke,lperschkeg7@istockphoto.com,Female,140.42.190.162
585,Lennard,Dignam,ldignamg8@w3.org,Agender,254.176.187.176
586,Evangelia,Dyne,edyneg9@360.cn,Non-binary,183.6.30.205
587,Casandra,Beernaert,cbeernaertga@usda.gov,Bigender,159.220.169.189
588,Cornela,Accum,caccumgb@fema.gov,Genderqueer,50.11.113.94
589,Xena,McFetridge,xmcfetridgegc@typepad.com,Polygender,189.78.206.187
590,Lona,Rivers,lriversgd@samsung.com,Non-binary,63.114.105.84
591,Desmund,Machel,dmachelge@blogspot.com,Polygender,124.91.42.143
592,Timofei,MacCroary,tmaccroarygf@php.net,Female,168.120.78.135
593,Valaria,Fadian,vfadiangg@tinyurl.com,Polygender,247.116.61.75
594,Karney,Crispin,kcrispingh@weather.com,Genderqueer,123.3.202.172
595,Cordie,Giorio,cgioriogi@ezinearticles.com,Polygender,59.2.201.219
596,Bord,Pynn,bpynngj@un.org,Polygender,189.200.94.163
597,Andris,Benasik,abenasikgk@deliciousdays.com,Female,254.213.18.251
598,Bettina,Rising,brisinggl@hp.com,Non-binary,100.106.106.102
599,Martha,Ducarne,mducarnegm@google.cn,Genderqueer,18.2.138.187
600,Coreen,Velti,cveltign@usnews.com,Genderqueer,225.225.200.150
601,Gratiana,Checketts,gcheckettsgo@microsoft.com,Genderqueer,170.181.132.116
602,Lowe,Oldford,loldfordgp@canalblog.com,Polygender,224.152.54.191
603,Robinet,Olsen,rolsengq@huffingtonpost.com,Bigender,71.193.73.114
604,Helena,McKinnon,hmckinnongr@amazon.de,Non-binary,91.202.186.170
605,Ruthi,Handover,rhandovergs@blog.com,Female,183.151.134.118
606,Pren,Carlone,pcarlonegt@twitter.com,Agender,8.196.98.233
607,Tammie,Casper,tcaspergu@seesaa.net,Bigender,228.20.170.86
608,Jillian,Cuddon,jcuddongv@hud.gov,Female,63.96.247.144
609,Ranique,Waldocke,rwaldockegw@nifty.com,Agender,72.35.254.230
610,Valerye,Fogarty,vfogartygx@uol.com.br,Polygender,200.84.235.48
611,Eduardo,Impson,eimpsongy@springer.com,Genderqueer,128.148.43.84
612,Selina,Jewes,sjewesgz@nbcnews.com,Genderfluid,173.152.209.94
613,Des,Salzen,dsalzenh0@fema.gov,Female,96.239.30.67
614,Merola,Redmire,mredmireh1@wikipedia.org,Female,125.190.197.229
615,Ebba,MacFadyen,emacfadyenh2@facebook.com,Male,140.14.246.63
616,Nonah,Fleming,nflemingh3@google.com.br,Male,231.110.63.102
617,Rickie,Scotney,rscotneyh4@wunderground.com,Genderqueer,119.238.208.35
618,Elianore,Pinshon,epinshonh5@rakuten.co.jp,Polygender,189.120.138.202
619,Lara,Meenehan,lmeenehanh6@clickbank.net,Genderfluid,86.189.19.116
620,Andee,Mattia,amattiah7@google.cn,Genderfluid,208.205.143.149
621,Ibbie,Friedlos,ifriedlosh8@wordpress.com,Genderqueer,215.34.158.227
622,Lenee,Lamshead,llamsheadh9@netscape.com,Genderqueer,42.190.18.143
623,Elenore,Fakeley,efakeleyha@elpais.com,Genderqueer,156.131.244.248
624,Fanya,Crighton,fcrightonhb@who.int,Male,187.38.200.62
625,Charyl,Winscomb,cwinscombhc@smh.com.au,Polygender,169.103.50.3
626,Gayla,Carrivick,gcarrivickhd@baidu.com,Bigender,156.142.206.119
627,Ansley,Bauduin,abauduinhe@tumblr.com,Genderqueer,132.136.105.42
628,Carlita,Moores,cmooreshf@nsw.gov.au,Non-binary,22.20.18.119
629,Iris,Broxholme,ibroxholmehg@accuweather.com,Female,209.156.114.99
630,Concordia,Keers,ckeershh@slashdot.org,Female,216.16.246.192
631,Elmer,Metzig,emetzighi@smugmug.com,Male,56.63.42.74
632,Annnora,McBain,amcbainhj@mediafire.com,Male,184.46.3.90
633,Sydel,Kilbane,skilbanehk@bigcartel.com,Female,51.44.59.236
634,Yank,Stodit,ystodithl@aboutads.info,Genderqueer,125.166.119.229
635,Claudian,Collete,ccolletehm@delicious.com,Bigender,150.45.19.120
636,Lyn,Doumenc,ldoumenchn@apache.org,Bigender,3.233.5.144
637,Row,Cleator,rcleatorho@wikispaces.com,Bigender,86.112.150.171
638,Marya,Sargant,msarganthp@mayoclinic.com,Female,4.175.148.179
639,Shurwood,Duchan,sduchanhq@discuz.net,Female,143.25.121.113
640,Ambrosio,Januszewicz,ajanuszewiczhr@1688.com,Male,149.99.140.172
641,Merralee,Inseal,minsealhs@newyorker.com,Genderqueer,206.161.58.188
642,Jacquelynn,Chismon,jchismonht@sfgate.com,Non-binary,223.22.75.243
643,Wilfrid,Crumby,wcrumbyhu@sitemeter.com,Female,206.41.195.36
644,Garvin,Pounder,gpounderhv@toplist.cz,Agender,236.88.82.249
645,Corliss,Duckfield,cduckfieldhw@usnews.com,Genderfluid,207.218.16.207
646,Alvira,Bliven,ablivenhx@amazon.co.jp,Non-binary,211.144.202.192
647,Tawsha,Barthram,tbarthramhy@tripod.com,Bigender,115.67.23.127
648,Raimondo,Garside,rgarsidehz@nifty.com,Genderqueer,70.221.70.149
649,Jeffry,Saltwell,jsaltwelli0@printfriendly.com,Agender,138.114.42.209
650,Charla,Habbergham,chabberghami1@desdev.cn,Female,134.196.147.169
651,Glen,Quinane,gquinanei2@ow.ly,Genderfluid,185.210.109.241
652,Guido,Swynley,gswynleyi3@canalblog.com,Genderfluid,189.159.73.220
653,Austin,Jasik,ajasiki4@unc.edu,Non-binary,197.232.84.101
654,Annetta,Nobriga,anobrigai5@google.com.br,Female,168.101.2.9
655,Bern,Toft,btofti6@chronoengine.com,Bigender,175.253.161.147
656,Karlie,Britner,kbritneri7@shareasale.com,Male,164.221.226.183
657,Kincaid,Sjollema,ksjollemai8@t.co,Male,171.214.152.159
658,Standford,Toolan,stoolani9@home.pl,Male,25.1.32.189
659,Costa,Petersen,cpetersenia@patch.com,Male,159.105.84.222
660,Gaelan,Lusgdin,glusgdinib@bloglovin.com,Male,221.239.36.219
661,Deeanne,Bodemeaid,dbodemeaidic@ibm.com,Bigender,27.53.98.104
662,Brenn,Ewan,bewanid@freewebs.com,Genderfluid,156.0.15.98
663,Valli,Ramelot,vramelotie@cnet.com,Male,183.134.1.15
664,Skipton,Pountney,spountneyif@tinyurl.com,Polygender,111.146.210.36
665,Dodie,Stilliard,dstilliardig@columbia.edu,Female,37.81.185.100
666,Blakeley,Millins,bmillinsih@dell.com,Non-binary,64.43.195.18
667,Matteo,Rushworth,mrushworthii@chron.com,Bigender,167.213.128.97
668,Mirella,Studdeard,mstuddeardij@nsw.gov.au,Male,107.145.171.241
669,Collin,Lulham,clulhamik@amazon.de,Polygender,252.38.25.219
670,Kat,Sell,ksellil@cnet.com,Male,220.149.2.109
671,Arlin,Denyukhin,adenyukhinim@businesswire.com,Agender,75.106.229.25
672,Parke,Martinat,pmartinatin@berkeley.edu,Non-binary,106.120.116.91
673,Nessy,Chalcot,nchalcotio@eepurl.com,Genderfluid,66.196.132.192
674,Eliot,Ismirnioglou,eismirnioglouip@pen.io,Polygender,75.214.27.2
675,Jacklin,Deniscke,jdenisckeiq@hugedomains.com,Female,203.116.109.97
676,Orly,Loach,oloachir@tinyurl.com,Genderqueer,219.151.76.29
677,Cherye,Archley,carchleyis@meetup.com,Agender,14.36.54.11
678,Wiley,Otteridge,wotteridgeit@aol.com,Polygender,188.24.71.34
679,Melicent,Zorener,mzoreneriu@cisco.com,Male,221.43.46.61
680,Bryon,Plowell,bplowelliv@over-blog.com,Agender,89.39.46.52
681,Micah,Knatt,mknattiw@mysql.com,Genderqueer,240.102.201.219
682,Dennison,Monk,dmonkix@washingtonpost.com,Non-binary,31.105.220.238
683,Mallissa,Ambrois,mambroisiy@etsy.com,Female,188.129.89.189
684,Bessie,Tuddenham,btuddenhamiz@answers.com,Genderfluid,7.26.195.20
685,Modestia,Van Driel,mvandrielj0@chronoengine.com,Polygender,240.241.97.245
686,Inness,MacGaughey,imacgaugheyj1@google.nl,Bigender,42.129.188.27
687,Elsey,McCarter,emccarterj2@usgs.gov,Polygender,105.188.118.1
688,Ty,Smees,tsmeesj3@utexas.edu,Bigender,142.125.182.22
689,Cori,Causey,ccauseyj4@fotki.com,Non-binary,19.6.36.152
690,Josiah,Patient,jpatientj5@networksolutions.com,Male,144.135.123.215
691,Emlyn,Brummitt,ebrummittj6@ucla.edu,Polygender,204.27.223.145
692,Tybie,Plant,tplantj7@topsy.com,Female,42.225.36.255
693,Anstice,Holtham,aholthamj8@yandex.ru,Genderqueer,100.49.43.179
694,Lissa,Lanceley,llanceleyj9@amazon.com,Female,144.137.34.188
695,Iain,Charnley,icharnleyja@ycombinator.com,Bigender,168.100.13.114
696,Davita,Scamadin,dscamadinjb@marriott.com,Female,189.1.151.32
697,Ernst,Peto,epetojc@4shared.com,Genderqueer,87.163.105.82
698,Dorelle,Kliner,dklinerjd@cnbc.com,Polygender,201.133.16.54
699,Cass,Charpin,ccharpinje@state.tx.us,Male,241.210.1.247
700,Tomkin,Cradick,tcradickjf@yellowpages.com,Male,15.206.43.252
701,Licha,Gerrelt,lgerreltjg@parallels.com,Non-binary,80.7.171.113
702,Joice,Blaes,jblaesjh@tuttocitta.it,Genderqueer,58.253.176.162
703,Alvinia,Tutill,atutillji@hhs.gov,Polygender,170.45.244.87
704,Orlando,Girardoni,ogirardonijj@domainmarket.com,Female,227.12.55.177
705,Ky,Rauprich,krauprichjk@phoca.cz,Genderqueer,146.171.181.83
706,Danell,Larkings,dlarkingsjl@buzzfeed.com,Non-binary,97.150.239.94
707,Fredrika,Abrams,fabramsjm@intel.com,Genderqueer,121.67.163.105
708,Denny,Huby,dhubyjn@tinypic.com,Agender,67.234.201.245
709,Lilias,McJury,lmcjuryjo@cnet.com,Genderfluid,15.253.80.55
710,Mariellen,Jonk,mjonkjp@comsenz.com,Female,156.61.197.45
711,Nona,Lawling,nlawlingjq@wunderground.com,Polygender,90.63.166.117
712,Tallie,Blooman,tbloomanjr@businesswire.com,Genderfluid,97.233.194.37
713,Maury,Sillars,msillarsjs@tmall.com,Non-binary,164.186.200.159
714,Kikelia,Keasey,kkeaseyjt@mapy.cz,Female,5.254.118.37
715,Sherm,Abelson,sabelsonju@hatena.ne.jp,Genderqueer,113.223.184.82
716,Calley,Lamprey,clampreyjv@tinypic.com,Bigender,145.146.247.185
717,Stephenie,Khalid,skhalidjw@hc360.com,Female,79.27.72.237
718,Janelle,Krahl,jkrahljx@exblog.jp,Genderqueer,35.155.192.172
719,Kingsley,Seden,ksedenjy@webmd.com,Agender,181.113.230.113
720,Ellsworth,Eldered,eelderedjz@marriott.com,Genderqueer,230.105.66.97
721,Agustin,Calendar,acalendark0@umich.edu,Genderqueer,253.146.137.6
722,Kassie,Bodycote,kbodycotek1@weebly.com,Agender,245.104.196.189
723,Aurie,Brimfield,abrimfieldk2@sina.com.cn,Female,32.179.151.27
724,Gracia,Pepperd,gpepperdk3@answers.com,Male,59.133.122.152
725,Lorinda,Dettmar,ldettmark4@istockphoto.com,Bigender,52.169.10.121
726,Stepha,Marcinkowski,smarcinkowskik5@si.edu,Female,96.159.216.189
727,Chuck,Desesquelle,cdesesquellek6@usatoday.com,Female,123.212.94.183
728,Tommy,Erdis,terdisk7@auda.org.au,Female,123.247.28.23
729,Freddi,Marioneau,fmarioneauk8@cpanel.net,Genderqueer,148.162.9.13
730,Jerry,Brenston,jbrenstonk9@virginia.edu,Genderqueer,101.60.25.34
731,Antoine,Morrish,amorrishka@intel.com,Bigender,2.33.237.166
732,Avril,Coad,acoadkb@hugedomains.com,Polygender,110.132.25.119
733,Obadias,Gotliffe,ogotliffekc@canalblog.com,Agender,64.98.158.129
734,Camille,Copperwaite,ccopperwaitekd@cyberchimps.com,Genderfluid,17.251.81.10
735,Cynde,Caulder,ccaulderke@wired.com,Genderfluid,236.222.72.235
736,Marcela,O'Brollachain,mobrollachainkf@sitemeter.com,Female,205.91.107.144
737,Raff,Goody,rgoodykg@nasa.gov,Agender,236.239.85.27
738,Herrick,Dundendale,hdundendalekh@soundcloud.com,Male,44.27.203.58
739,Freemon,Ganning,fganningki@over-blog.com,Polygender,64.191.234.116
740,Andy,Troake,atroakekj@mozilla.org,Agender,220.153.77.176
741,Anneliese,Winkworth,awinkworthkk@ezinearticles.com,Agender,109.99.216.105
742,Arty,Catterall,acatterallkl@cornell.edu,Genderqueer,91.145.87.213
743,Adrianna,Strickett,astrickettkm@last.fm,Bigender,249.24.66.13
744,Penny,Rugge,pruggekn@mozilla.com,Female,164.77.75.216
745,Shalom,Ivanikov,sivanikovko@dedecms.com,Agender,4.173.215.126
746,Joela,Grishunin,jgrishuninkp@google.pl,Bigender,171.73.184.192
747,Emmerich,Rackam,erackamkq@slashdot.org,Polygender,77.200.245.70
748,Ferdinanda,Kleehuhler,fkleehuhlerkr@cam.ac.uk,Bigender,215.138.177.90
749,Helenka,Finlator,hfinlatorks@unicef.org,Genderfluid,147.153.179.202
750,Vale,Cuesta,vcuestakt@chronoengine.com,Female,111.147.132.87
751,Perkin,Cobb,pcobbku@hostgator.com,Bigender,232.29.140.158
752,Valdemar,Wales,vwaleskv@intel.com,Bigender,236.161.50.16
753,Portie,Chazelle,pchazellekw@theglobeandmail.com,Genderfluid,77.208.246.90
754,Buiron,Risbridger,brisbridgerkx@sun.com,Female,66.90.217.43
755,Sissie,Westfield,swestfieldky@qq.com,Genderqueer,42.184.66.88
756,Martie,Gundrey,mgundreykz@webs.com,Male,116.237.160.170
757,Eydie,Akers,eakersl0@prnewswire.com,Genderqueer,144.170.52.160
758,Morey,Quarmby,mquarmbyl1@networkadvertising.org,Female,254.45.69.165
759,Isidora,Humpatch,ihumpatchl2@spotify.com,Male,78.3.100.214
760,Estel,Schwant,eschwantl3@google.ru,Genderfluid,189.129.157.156
761,Dulsea,Penniell,dpennielll4@yahoo.com,Non-binary,61.61.100.59
762,Clemente,Bailie,cbailiel5@dailymotion.com,Bigender,206.206.42.90
763,Delainey,Samsonsen,dsamsonsenl6@dropbox.com,Genderfluid,246.11.217.255
764,Ervin,Mougel,emougell7@sitemeter.com,Agender,178.149.171.20
765,Elianore,Ranstead,eransteadl8@tripod.com,Male,199.93.221.64
766,Wolfy,Broyd,wbroydl9@163.com,Non-binary,110.147.61.104
767,Cross,Maffetti,cmaffettila@icq.com,Agender,225.135.141.181
768,Serge,Couth,scouthlb@blog.com,Male,144.177.214.195
769,Dory,Grzelczyk,dgrzelczyklc@army.mil,Non-binary,196.141.143.175
770,Pincus,Geggie,pgeggield@wix.com,Agender,196.80.4.113
771,Raye,Kurdani,rkurdanile@google.cn,Polygender,45.12.251.161
772,Bruce,McGuckin,bmcguckinlf@gnu.org,Female,41.227.46.223
773,Ricard,Starmer,rstarmerlg@statcounter.com,Genderfluid,143.137.118.138
774,Eberhard,Pritty,eprittylh@utexas.edu,Genderfluid,15.207.201.73
775,Terrijo,Stoneham,tstonehamli@google.nl,Non-binary,92.165.43.50
776,Tomasine,Marrows,tmarrowslj@japanpost.jp,Non-binary,254.135.21.171
777,Hardy,Ybarra,hybarralk@mysql.com,Bigender,220.23.58.251
778,Jobina,MacBain,jmacbainll@utexas.edu,Non-binary,127.70.74.140
779,Poppy,Houldin,phouldinlm@comcast.net,Agender,247.81.244.89
780,Ansel,Scutchings,ascutchingsln@answers.com,Bigender,244.233.128.51
781,Faydra,Leyre,fleyrelo@netscape.com,Polygender,140.191.247.79
782,Gerhard,Slorance,gslorancelp@opera.com,Genderfluid,218.247.52.244
783,Modestia,Leabeater,mleabeaterlq@nydailynews.com,Female,161.156.129.71
784,Esteban,Shiril,eshirillr@japanpost.jp,Male,100.78.70.102
785,Raina,Chesworth,rchesworthls@4shared.com,Genderfluid,187.51.107.182
786,Rubetta,Weyland,rweylandlt@naver.com,Bigender,157.27.107.61
787,Myrna,Burwood,mburwoodlu@usda.gov,Non-binary,241.106.148.106
788,Rebe,Fittall,rfittalllv@storify.com,Genderqueer,78.56.255.167
789,Caz,Gorvette,cgorvettelw@barnesandnoble.com,Genderfluid,66.213.167.210
790,Darnall,Cocher,dcocherlx@phpbb.com,Agender,186.173.125.198
791,Cornela,Knuckles,cknucklesly@wp.com,Non-binary,153.117.97.15
792,Lewes,Lande,llandelz@sina.com.cn,Polygender,214.0.237.86
793,Albina,Bastick,abastickm0@ftc.gov,Male,204.253.202.69
794,Laurent,Athersmith,lathersmithm1@nytimes.com,Male,113.101.192.24
795,Niki,McCudden,nmccuddenm2@discuz.net,Genderqueer,121.215.154.96
796,Demetra,Beaney,dbeaneym3@slate.com,Agender,224.117.13.49
797,Jayne,Castiblanco,jcastiblancom4@shinystat.com,Polygender,126.24.81.0
798,Becky,Eudall,beudallm5@flickr.com,Polygender,60.233.165.74
799,Norbert,Bill,nbillm6@uiuc.edu,Bigender,238.204.179.69
800,Alina,Bartosch,abartoschm7@facebook.com,Agender,17.111.149.151
801,Bibbye,Dooler,bdoolerm8@ebay.co.uk,Polygender,22.96.68.156
802,Melisent,Lowsely,mlowselym9@tamu.edu,Genderfluid,143.252.106.101
803,Henri,Chastanet,hchastanetma@yellowbook.com,Genderfluid,38.131.44.15
804,Caralie,Moule,cmoulemb@tuttocitta.it,Male,18.100.33.170
805,Pasquale,Airlie,pairliemc@mediafire.com,Non-binary,80.58.7.2
806,Lanie,Welldrake,lwelldrakemd@eventbrite.com,Bigender,185.244.92.123
807,Anstice,Jansa,ajansame@amazonaws.com,Male,236.50.0.226
808,Dyan,Kiddye,dkiddyemf@unicef.org,Non-binary,16.150.48.196
809,Hamel,Dighton,hdightonmg@cbc.ca,Non-binary,103.204.228.210
810,Jo-anne,Morland,jmorlandmh@google.co.jp,Female,16.49.185.209
811,Skelly,Dumblton,sdumbltonmi@state.tx.us,Non-binary,216.64.43.238
812,Richmound,Kem,rkemmj@trellian.com,Polygender,92.164.68.108
813,Ceil,Caze,ccazemk@ebay.com,Genderfluid,54.107.223.239
814,Sheelagh,Miskimmon,smiskimmonml@aboutads.info,Bigender,188.52.231.172
815,Cele,Smoth,csmothmm@pcworld.com,Polygender,10.242.56.83
816,Jacintha,Carley,jcarleymn@dagondesign.com,Non-binary,38.76.93.85
817,Myrah,Euesden,meuesdenmo@clickbank.net,Bigender,14.170.76.35
818,Daryl,Sterrick,dsterrickmp@amazon.de,Male,29.76.38.29
819,Alyssa,Nuccitelli,anuccitellimq@oracle.com,Non-binary,242.91.227.24
820,Park,Kinnin,pkinninmr@ucoz.ru,Genderfluid,41.228.29.79
821,Haley,Jeness,hjenessms@usda.gov,Bigender,60.160.238.245
822,Sherwood,Stiger,sstigermt@wufoo.com,Agender,241.48.32.6
823,Ransom,Watterson,rwattersonmu@sun.com,Bigender,183.76.220.7
824,Bryna,McKinley,bmckinleymv@cornell.edu,Female,61.59.3.80
825,Huntington,Angell,hangellmw@liveinternet.ru,Genderqueer,114.117.244.151
826,Hi,Bartosek,hbartosekmx@icq.com,Genderfluid,44.102.8.202
827,Rachel,Brewis,rbrewismy@exblog.jp,Agender,37.48.128.74
828,Reid,Saxon,rsaxonmz@symantec.com,Genderfluid,83.229.214.225
829,Brana,Leeming,bleemingn0@devhub.com,Female,105.250.103.219
830,Starr,Glowacha,sglowachan1@multiply.com,Non-binary,202.90.31.121
831,Ernestine,Aireton,eairetonn2@oakley.com,Genderfluid,106.157.194.216
832,Hashim,Akroyd,hakroydn3@example.com,Non-binary,40.44.193.217
833,Bennie,Chessun,bchessunn4@pcworld.com,Polygender,165.129.118.18
834,Loria,Braunthal,lbraunthaln5@goodreads.com,Genderfluid,87.53.172.143
835,Davina,Edgeley,dedgeleyn6@netlog.com,Male,245.199.82.207
836,Shelagh,Andino,sandinon7@howstuffworks.com,Polygender,87.29.85.78
837,Maryann,Grinval,mgrinvaln8@virginia.edu,Agender,136.157.222.253
838,Johnath,Troker,jtrokern9@ftc.gov,Polygender,127.242.36.209
839,Adham,Mirams,amiramsna@ihg.com,Female,186.16.145.1
840,Consolata,MacLure,cmaclurenb@chicagotribune.com,Genderfluid,138.173.50.200
841,Ara,Rainsbury,arainsburync@jiathis.com,Non-binary,31.46.114.231
842,Vin,Mockford,vmockfordnd@fema.gov,Genderqueer,224.184.159.114
843,Odella,Baumford,obaumfordne@slideshare.net,Agender,237.119.63.58
844,Carolynn,Creane,ccreanenf@gizmodo.com,Non-binary,141.151.25.66
845,Theresa,Paz,tpazng@engadget.com,Non-binary,93.12.143.154
846,Elnora,Highton,ehightonnh@nih.gov,Genderfluid,143.45.115.209
847,Bjorn,Challener,bchallenerni@wired.com,Non-binary,47.105.156.250
848,Madella,Quinell,mquinellnj@pbs.org,Polygender,230.150.67.13
849,Jelene,Hartman,jhartmannk@nih.gov,Genderfluid,109.192.166.13
850,Marena,Willmett,mwillmettnl@pbs.org,Genderfluid,33.64.234.138
851,Juliane,Frostdyke,jfrostdykenm@hostgator.com,Bigender,69.43.113.92
852,Shanan,Dargie,sdargienn@geocities.com,Genderfluid,254.165.70.88
853,Hamlin,Stanbrooke,hstanbrookeno@ning.com,Male,19.190.240.30
854,Josefa,Maffy,jmaffynp@geocities.jp,Non-binary,144.126.34.129
855,Mauricio,Judd,mjuddnq@cnn.com,Female,223.149.173.130
856,Kent,Mussett,kmussettnr@shop-pro.jp,Genderfluid,242.192.82.185
857,Marchall,Bearman,mbearmanns@nba.com,Female,148.171.239.152
858,Alexandros,Moan,amoannt@ibm.com,Non-binary,121.127.241.54
859,Gena,Youens,gyouensnu@google.co.jp,Genderqueer,97.243.231.221
860,Sigfrid,Houlston,shoulstonnv@twitpic.com,Male,60.13.188.195
861,Curr,Brilleman,cbrillemannw@hc360.com,Female,73.121.32.22
862,Dru,Dobbings,ddobbingsnx@tmall.com,Non-binary,65.32.198.8
863,Carrissa,Billinge,cbillingeny@npr.org,Genderqueer,232.179.129.70
864,Gerianna,Jobbings,gjobbingsnz@washingtonpost.com,Bigender,25.193.206.227
865,Riki,Burdess,rburdesso0@about.com,Female,44.47.244.144
866,Haleigh,Slee,hsleeo1@yolasite.com,Non-binary,87.155.208.207
867,Chloe,Libermore,clibermoreo2@topsy.com,Male,75.59.153.163
868,Aridatha,Murrie,amurrieo3@eventbrite.com,Bigender,207.218.78.45
869,Serene,Kettley,skettleyo4@unc.edu,Polygender,107.6.43.64
870,Wandie,Ferres,wferreso5@theguardian.com,Bigender,101.173.2.71
871,Jacqui,Ashfull,jashfullo6@timesonline.co.uk,Polygender,210.155.55.21
872,Phillipe,Rubinowitz,prubinowitzo7@histats.com,Genderqueer,33.74.9.143
873,Dedra,Hubbocks,dhubbockso8@bbc.co.uk,Male,163.39.179.193
874,Gwyn,Marking,gmarkingo9@topsy.com,Polygender,12.89.139.7
875,Diena,Wadley,dwadleyoa@zimbio.com,Genderfluid,143.238.221.121
876,Krissy,Titterrell,ktitterrellob@wp.com,Female,235.245.209.117
877,Bobbe,Gricewood,bgricewoodoc@amazonaws.com,Genderqueer,188.39.120.20
878,Hoebart,Starcks,hstarcksod@seesaa.net,Polygender,178.207.79.97
879,Lamond,Ivashnikov,livashnikovoe@gizmodo.com,Female,124.150.179.72
880,Korney,Durston,kdurstonof@jigsy.com,Bigender,133.2.172.151
881,Kenon,Velez,kvelezog@google.com,Genderfluid,245.70.108.251
882,Xymenes,Torfin,xtorfinoh@webmd.com,Bigender,2.218.124.33
883,Leeland,Peffer,lpefferoi@behance.net,Polygender,255.50.163.151
884,Calli,Godsafe,cgodsafeoj@archive.org,Agender,199.219.16.211
885,Grange,Orehead,goreheadok@state.tx.us,Agender,184.62.158.109
886,Barnard,Oxton,boxtonol@wordpress.com,Male,49.36.103.146
887,Yalonda,Ebhardt,yebhardtom@blogs.com,Genderqueer,126.159.22.67
888,Kym,Ferron,kferronon@prlog.org,Male,145.182.14.114
889,Jacob,Peasgood,jpeasgoodoo@shinystat.com,Female,128.147.181.44
890,Amalle,Galilee,agalileeop@stanford.edu,Male,183.173.47.56
891,Corbet,Icom,cicomoq@businessinsider.com,Genderfluid,118.152.207.139
892,Bekki,Jury,bjuryor@geocities.jp,Female,84.211.94.82
893,Cordelie,Lovejoy,clovejoyos@over-blog.com,Bigender,95.14.41.71
894,Roanne,Geraudy,rgeraudyot@loc.gov,Polygender,88.255.248.171
895,Jana,Thowes,jthowesou@chicagotribune.com,Genderqueer,61.169.95.115
896,Clay,Chatelain,cchatelainov@nyu.edu,Genderfluid,132.0.84.136
897,Napoleon,Bloodworthe,nbloodwortheow@bluehost.com,Polygender,215.95.204.169
898,Godard,Pitrasso,gpitrassoox@quantcast.com,Male,184.1.80.200
899,Ammamaria,Marrable,amarrableoy@hugedomains.com,Female,31.19.134.83
900,Lyndsie,Clarae,lclaraeoz@nifty.com,Polygender,14.55.180.227
901,Bordie,Attenborough,battenboroughp0@amazon.co.uk,Polygender,219.83.70.184
902,Skip,Maxwell,smaxwellp1@pinterest.com,Male,173.244.200.30
903,Dido,Shrimplin,dshrimplinp2@hubpages.com,Polygender,97.241.11.76
904,Bethany,Whitlaw,bwhitlawp3@phpbb.com,Male,178.245.26.14
905,Savina,Brayn,sbraynp4@timesonline.co.uk,Polygender,57.236.246.212
906,Alejoa,Beentjes,abeentjesp5@hao123.com,Genderfluid,51.117.96.214
907,Adi,Pearce,apearcep6@shop-pro.jp,Polygender,246.101.177.4
908,Andras,Rawnsley,arawnsleyp7@salon.com,Genderfluid,112.166.250.49
909,Ginnifer,Tropman,gtropmanp8@scientificamerican.com,Male,211.194.133.243
910,Maurise,Ledeker,mledekerp9@springer.com,Bigender,87.149.18.250
911,Mariam,Embra,membrapa@nature.com,Female,149.239.244.32
912,Carlina,Suermeiers,csuermeierspb@linkedin.com,Female,36.190.91.23
913,Jerrilee,Cowan,jcowanpc@sun.com,Agender,183.108.245.9
914,Corbett,Bane,cbanepd@uol.com.br,Genderqueer,249.12.150.153
915,Pandora,Sanger,psangerpe@npr.org,Genderqueer,112.225.140.52
916,Peggy,Vogelein,pvogeleinpf@bbb.org,Female,213.140.221.226
917,Ashia,Yearn,ayearnpg@yahoo.com,Male,53.173.249.213
918,Dag,Fretter,dfretterph@wunderground.com,Male,139.146.123.73
919,Catrina,Landy,clandypi@wunderground.com,Genderqueer,93.195.183.83
920,Nady,Partlett,npartlettpj@cam.ac.uk,Non-binary,149.134.121.190
921,Jarrod,Cogar,jcogarpk@dyndns.org,Genderfluid,173.84.104.19
922,Mirabel,Dyerson,mdyersonpl@xing.com,Agender,244.115.70.146
923,Orel,Perrelli,operrellipm@marketwatch.com,Female,29.135.97.80
924,Clay,Gabbot,cgabbotpn@wordpress.com,Genderfluid,26.90.89.180
925,Salem,Duckworth,sduckworthpo@soundcloud.com,Genderqueer,142.69.127.235
926,Trenna,Moyce,tmoycepp@shutterfly.com,Genderqueer,195.211.37.156
927,Clo,O'Cannon,cocannonpq@xrea.com,Bigender,52.181.67.125
928,Rosalia,Boyde,rboydepr@un.org,Genderqueer,114.74.188.159
929,Romona,Charteris,rcharterisps@google.co.uk,Genderfluid,87.83.210.193
930,Omero,Dimberline,odimberlinept@weather.com,Male,241.216.99.41
931,Xenos,Mival,xmivalpu@yandex.ru,Bigender,33.70.173.139
932,Rustie,Wolfit,rwolfitpv@google.com.br,Agender,23.37.145.173
933,Tadeo,Escalera,tescalerapw@g.co,Male,225.170.180.199
934,Ruddie,Labden,rlabdenpx@admin.ch,Male,135.225.158.250
935,Hurleigh,O'Neal,honealpy@ycombinator.com,Polygender,6.77.128.76
936,Jo-ann,Troucher,jtroucherpz@washington.edu,Female,7.0.37.147
937,Veriee,Bullingham,vbullinghamq0@hexun.com,Genderqueer,18.134.109.207
938,Alley,Klinck,aklinckq1@imgur.com,Genderqueer,164.245.210.219
939,Anna-diane,Record,arecordq2@state.gov,Polygender,203.59.88.9
940,Jared,Woolmer,jwoolmerq3@arizona.edu,Agender,147.247.185.146
941,Kerby,Fordyce,kfordyceq4@mlb.com,Genderfluid,20.247.150.253
942,Temp,Mackness,tmacknessq5@icq.com,Polygender,120.25.75.88
943,Saxon,Krishtopaittis,skrishtopaittisq6@nyu.edu,Non-binary,179.142.170.117
944,Sibilla,Kalinsky,skalinskyq7@google.es,Agender,147.190.129.208
945,Lela,Rawe,lraweq8@tuttocitta.it,Female,74.201.200.38
946,Bronnie,Buntain,bbuntainq9@elpais.com,Polygender,97.31.134.224
947,Chen,MacGovern,cmacgovernqa@qq.com,Polygender,62.25.58.198
948,Curt,Barrim,cbarrimqb@sogou.com,Polygender,181.232.143.243
949,Jervis,Pengilley,jpengilleyqc@nhs.uk,Polygender,172.198.75.201
950,Georgi,Prosek,gprosekqd@bluehost.com,Agender,218.246.146.50
951,Janka,Gamwell,jgamwellqe@goo.gl,Genderqueer,136.220.247.58
952,Lydie,Nixon,lnixonqf@youtube.com,Male,188.52.56.43
953,Penrod,Cramphorn,pcramphornqg@geocities.jp,Female,247.97.26.11
954,Roma,McPeeters,rmcpeetersqh@arstechnica.com,Agender,23.17.187.173
955,Billi,Tregear,btregearqi@last.fm,Non-binary,179.69.84.53
956,Sol,Pruce,spruceqj@icq.com,Agender,56.128.152.34
957,Irwinn,Raoul,iraoulqk@nationalgeographic.com,Female,84.34.57.117
958,Joye,Gadaud,jgadaudql@mapy.cz,Polygender,27.8.198.122
959,Stuart,Gogie,sgogieqm@xrea.com,Non-binary,132.242.16.208
960,Katine,Karolewski,kkarolewskiqn@ocn.ne.jp,Male,9.128.82.199
961,Maximo,Pashe,mpasheqo@qq.com,Non-binary,112.176.140.251
962,Bank,Du Fray,bdufrayqp@oracle.com,Agender,242.215.162.49
963,Lind,Ezele,lezeleqq@fema.gov,Female,13.133.175.239
964,Serena,Figures,sfiguresqr@wisc.edu,Male,4.6.107.186
965,Duffy,Hatherall,dhatherallqs@diigo.com,Agender,238.235.246.244
966,Felic,Merveille,fmerveilleqt@nih.gov,Male,208.5.157.80
967,Dacy,Guiett,dguiettqu@wikipedia.org,Agender,255.232.87.0
968,Ferrell,Gercke,fgerckeqv@oaic.gov.au,Female,162.116.81.190
969,Dulciana,Manhood,dmanhoodqw@rambler.ru,Agender,153.189.52.161
970,Lauree,Artingstall,lartingstallqx@theatlantic.com,Genderfluid,154.206.192.242
971,Avery,Swigg,aswiggqy@shop-pro.jp,Genderqueer,126.74.184.47
972,Loralyn,Woolacott,lwoolacottqz@deviantart.com,Bigender,42.235.170.200
973,Cindie,Greenhough,cgreenhoughr0@dmoz.org,Agender,4.114.211.28
974,Erie,Bru,ebrur1@hao123.com,Polygender,207.73.88.21
975,Bail,Kleinholz,bkleinholzr2@moonfruit.com,Female,36.211.17.129
976,Hillier,Taffurelli,htaffurellir3@tuttocitta.it,Male,10.189.119.219
977,Zacharias,Fossey,zfosseyr4@domainmarket.com,Non-binary,232.152.139.32
978,Dawna,Feighney,dfeighneyr5@earthlink.net,Polygender,67.192.44.78
979,Brander,Sheara,bshearar6@comcast.net,Non-binary,164.252.204.193
980,Jacquenetta,Pierce,jpiercer7@godaddy.com,Non-binary,207.246.75.121
981,Welsh,Sallows,wsallowsr8@weebly.com,Genderqueer,111.185.24.26
982,Doralynne,Harpur,dharpurr9@opensource.org,Female,93.253.242.21
983,Kassia,Kimbell,kkimbellra@ow.ly,Female,20.83.228.11
984,Marco,Redsell,mredsellrb@google.com,Agender,58.160.130.191
985,Valli,Drohan,vdrohanrc@adobe.com,Male,179.194.32.2
986,Germain,Chancelier,gchancelierrd@trellian.com,Genderfluid,69.144.238.140
987,Katlin,De Cruz,kdecruzre@histats.com,Polygender,188.226.77.174
988,Armando,Johansen,ajohansenrf@goo.gl,Male,82.62.175.102
989,Dominic,Jarrette,djarretterg@t-online.de,Bigender,178.211.186.97
990,Skell,Richter,srichterrh@newyorker.com,Polygender,227.3.208.113
991,Anneliese,Porte,aporteri@reuters.com,Female,225.58.19.242
992,Chaddie,Iacobetto,ciacobettorj@com.com,Genderfluid,19.75.238.251
993,Butch,Philcox,bphilcoxrk@51.la,Non-binary,38.41.64.15
994,Kinsley,Bawdon,kbawdonrl@paginegialle.it,Polygender,63.116.53.113
995,Nettie,Simnett,nsimnettrm@webeden.co.uk,Non-binary,138.158.237.215
996,Courtney,Falconer,cfalconerrn@imgur.com,Male,158.247.212.230
997,Francois,Waple,fwaplero@toplist.cz,Female,221.107.100.10
998,Alison,Varcoe,avarcoerp@tumblr.com,Male,43.188.164.196
999,Brandtr,Magwood,bmagwoodrq@cocolog-nifty.com,Female,184.19.205.48
1000,Emilio,Crone,ecronerr@qq.com,Polygender,62.120.158.69
